Arabic_Names,English_Names
سليمان نجيب,Solomon Najib
أمينة رزق,Amina Rizk
دولت أبيض,White dolphins
عقيلة راتب,Wife of salary
سلوى علام,Salwa Allam
زوزو نبيل,Zuzu Nabil
نادية أحمد,Nadia Ahmed
نينا زاكى,Nina Zaki
أنور وجدي,Anwar Wagdy
حسن فايق,Hassan Fayek
فاخر فاخر,Luxury Luxury
محمود المليجي,Mahmoud El Meligy
زكي إبراهيم,Zaki Ibrahim
حسن مختار صقر,Hassan Mokhtar Saqr
عزيزة محمد,Aziza Mohammed
مرجريت صفير,Margarine saffron
مختار عثمان,Mokhtar Othman
لطفي الحكيم,Lotfi Hakim
عزيزة أمير,Dear Amir
محمود ذو الفقار,Mahmoud Zulfikar
نجمة إبراهيم,Star of Ibrahim
عبدالسلام النابلسي,Abdul Salam Nabulsi
ثريا فخري,Thuraya Fakhri
عمر وصفى,Omar and Safi
سرينا إبراهيم,Serena Ibrahim
ممدوح ذو الفقار,Mamdouh Zulfikar
إستيفان روستي,Estefan Rusty
عز الدين ذو الفقار,Izz al-Din Zulfiqar
ميمي شكيب,Mimi Shakib
محسن سرحان,Mohsen Sarhan
روحية خالد,Spiritual Khaled
فردوس محمد,Firdous Mohammed
علية الحبشية,The Ethiopian
ثريا حلمي,Thoraya Helmy
ظريفة,Nice
الشيخة عزيزة,Sheikha Azizah
فؤاد شفيق,Fouad Shafiq
منسى فهمي,Mansy Fahmy
عبدالفتاح القصري,Abdul Fattah al-Qasri
عبدالمجيد شكري,Abdul Majid Shukri
يحيى نجاتي,Yahya Najati
مصطفى الجزار,Mustafa al-Jazzar
محمد ابراهيم,Mohammed Ibrahim
عباس بدوى,Abbas Badawi
فؤاد فهيم,Fouad Fahim
إدمون تويما,Edmond Toyama
محمد الكحلاوي,Mohammed Al - Kahlawi
عبدة السروجي,Abdo Srouji
حسن بيومي,Hassan Bayoumi
لولا صدقي,Lola Sedqi
آمال حسين,Amal Hussein
حسين عيسى,Hussein Issa
فوزي الجزايرلي,Fawzi Aljazairli
إحسان الجزايرلي,Ihsan al-Jazairi
زوزو شكيب,Zuzu Chakib
تحية كاريوكا,Greetings Karioka
زكية إبراهيم,Zakia Ibrahim
إيزابيل,Isabel
بشارة واكيم,Bishara and Wakim
أحمد الحداد,Ahmed El Haddad
كيرياكو بيتريدس,Kyriaku Petrides
بير ميسى,Pierre Messi
محمد عبدالوهاب,Muhammad Abd-alwahab
علوية جميل,Beautiful top
فاطمة محجوب,Fatima Mahgoub
فاتن حمامة,Faten Hamama
شعبان نجيب,Shaaban Najib
عبدالوارث عسر,Abdullwarth Essar
إلهام حسين,Elham Hussein
سميحة سميح,Samiha Sameeh
بديعة صادق,Exquisite and sincere
أحمد علام,Ahmed Allam
مصطفى راشد,Mustafa Rashed
سعيد أبو بكر,Said Abu Bakr
أمين وهبة,Amin Wahba
فردوس حسن,Firdous Hassan
عفيفة إسكندر,Alexander the Great
عباس فارس,Abbas Fares
محمد الديب,Mohamed El Deeb
حسين المليجي,Hussein El Meligy
ألفريد حداد,Alfred Haddad
حسن صالح,Hassan Saleh
حسن راشد,Hassan Rashid
علي عبدالعال,Ali Abdel Aal
يوسف وهبي,Yousef Wehbe
ليلى مراد,Leila Mourad
عقيلة محمد,Mohammed&#39;s wife
محمد كامل,Mohamed Kamel
آسيا داغر,Asia Dagger
حسين صدقي,Hussein Sidqi
زينب صدقي,Zainab Sedqi
ليلى حلمى,Laila Helmy
علي الكسار,Ali Al-Kassar
حامد مرسي,Hamed Morsi
رياض القصبجي,Riad Al-Qasabji
عبدالعزيز الجاهلي,Abdulaziz Al - Jahili
سعاد أحمد,Soad Ahmed
عباس الدالي,Abbas Al-Dali
علي كامل,Ali Kamel
توفيق صادق,Tawfiq Sadiq
أسمهان,Asmahan
فريد الأطرش,Farid al-Atrash
حسن كامل,Hassan Kamel
عزيز صادق,Aziz Sadek
سامية جمال,Samia Jamal
جراسيا قاصين,Gracia is narrow
صالحة قاصين,Salih Qasin
محمود إسماعيل,Mahmoud Ismail
محمود رضا,Mahmoud Reda
لطيفة أمين,Latifa Amin
عبدالعظيم كامل,Abdel Azim Kamel
عصمت عبدالعليم,Ismat Abdel Alem
ماري منيب,Mary Munib
عبدالمنعم إسماعيل,Abdel Moneim Ismail
نجيب الريحاني,Najeeb Rihani
محمد كمال المصري (شرفنطح),Mohammed Kamal Al-Masri (Sharafnat)
سراج منير,Siraj Munir
عبدالعزيز أحمد,Abdul Aziz Ahmed
عبدالعزيز خليل,Abdul Aziz Khalil
فيكتوريا حبيقة,Victoria Hobeika
رشاد حامد,Rashad Hamid
فيوليت صيداوي,Violet Sidawi
على عبدالقادر,Ali Abdul Qadir
اجلال زكي,Hail Zaki
فؤاد الرشيدي,Fouad Al - Rashidi
إسكندر منسي,Alexander Mansi
أحمد شكري,Ahmed Shokry
حسن امام ,Hassan Imam
محمد السباعى,Mohamed El Sebaey
صفية حلمي,Safia Helmy
عزيزة حلمي,Aziza Helmi
إسماعيل يس,Ismail Yassin
أمينة شريف,Amina Sharif
حسن أتلة,Good Attalla
عبدالرحمن فوزي,Abdul Rahman Fawzi
شفيق نور الدين,Shafiq Nour El Din
جينا,Gina
يحيى شاهين,Yahya Shaheen
سميرة كمال,Samira Kamal
إبراهيم مصطفى,Ibrahim Moustafa
إبراهيم محب,Ibrahim Moheb
أحمد درويش,Ahmed Darweesh
سعدية,Saadia
سعاد حسين,Soad Hussein
زكي رستم,Zaki Rustam
أشرف أباظة,Ashraf Abaza
أمينة نور الدين,Amina Nour El Din
زينب  صدقى,Zainab Sedky
آمال زايد,Amal Zayed
سامية فهمي,Samia Fahmy
عبدالرحمن جميل,Abdul Rahman Jameel
حسين فياض,Hussein Fayyad
محرم عثمان,Muharram Othman
محمد راغب,Mohammed Ragheb
ببا إبراهيم,Baba Ibrahim
رجاء عبده,Please slave
ليلى فوزي,Laila Fawzi
زينات صدقي,Zidane Sedqi
محمد أمين,Mohammad Amin
عزيزة بدر,Aziza Badr
منير الفنجري,Mounir Fangri
مديحة يسري,Madiha Yusri
عبدالحميد زكي,Abdul Hamid Zaki
فرج النحاس,Faraj copper
احمد مختار,Ahmed Mukhtar
حسين رياض,Hussein Riad
محمد عطيه,Mohammed Attia
سعاد زكي,Soad Zaki
هاجر حمدي,Hajar Hamdy
صوفي ديمتري,Sophie Dmitry
مارى كافورى,Mary Cavoury
عزيزة ابراهيم,Azizah Ibrahim
روز زكى,Rose Zaky
رئيسة عفيفي,President Afifi
عبدالحليم مرسى,Abdel Halim Morsy
ماري كويني,Mary Quinnie
أحمد جلال,Ahmad Jalal
عمر جميعى,All my life
حكمت فهمي,Hikmat Fahmy
إبراهيم عبده,Ibrahim Abdo
احمد فرج الكرانى,Ahmed Faraj Alkrany
يوسف صالح,Yousef Saleh
نادر جلال,Nader Jalal
بترو طنوس,Petro Tannos
أسعد مصطفى,Asaad Mostafa
عبد المنعم سعودي,Abdul Moneim Saudi
إستر شطاح,Cover a sandwich
محمود لطفي,Mahmoud Lotfi
عباس كامل,Abbas Kamel
رفيعة الشال,High
فايد محمد فايد,Fayed Mohamed Fayed
حسن البارودي,Hassan Baroudi
محمد شوقي,Muhammad Shawqi
عبدالقادر المسيرى,Abdulqader Al-Mesairy
عز الدين إسلام,Izz al-Din Islam
سعيد خليل,Said Khalil
محمد إدريس,Mohamed Idris
عبدالعليم خطاب,Abdel-Malek Khattab
فؤاد الجزايرلي,Fouad Aljazairi
إمام محمد,Imam Mohammed
زوزو شاكر,Zozo Shaker
سعدية محمد,Saadia Mohammed
حسن ابراهيم,Hassan Ibrahim
محمد عبدالمطلب,Mohammed Abdul Muttalib
نجية رياض,Najia Riad
ليلى يوسف,Laila Yousef
فتحية علي,Fathia Ali
إبراهيم حشمت,Ibrahim Heshmat
عبده يوسف,Abdo Youssef
عبدالغني النجدي,Abdul Ghani Al-Najdi
محمد حسين السني,Mohammed Hussein Sunni
راقية إبراهيم,Upscale Ibrahim
فاطمة رشدي,Fatima Roshdy
زكي طليمات,Zaki Tulaimat
عباس البليدي,Abbas al-Blida
عثمان أباظة,Othman Abaza
دولت فهمى,Dolly Fahmy
السيد بدير,Mr. Bedair
سعدية محمود,Saadia Mahmoud
رشدى محمد,Roushdy Mohamed
محمود السباع,Mahmoud Sbaa
محمد عثمان,Mohammad Othman
أحمد البدوى,Ahmed Badawi
نور الهدى,Noor el Huda
أمينة محمد,Amina Mohammed
فيفي برسوم,Vivi Brosom
على طبنجات,On pans
توفيق إسماعيل,Tawfiq Ismail
صفا الجميل (صفا محمد),Safa Al-Gemayel (Safa Mohammed)
محمد نبيه,Mohamed Nabih
حالت فوزى,My win
نجاة علي,Najat Ali
جمالات حسن,Good aesthetics
سيد سليمان,Sayed Suleiman
عبدالرحمن شريف,Abdulrahman Sharif
ميمى احمد,Mimi Ahmed
نبوية مصطفى,Prophecy Mustafa
محمد توفيق,Mohammed Tawfik
سونيا,Sonya
عيسى أحمد,Issa Ahmed
لطفية نظمي,Lymphatic system
صفية حسين,Safia Hussein
صالح عبدالحي,Saleh Saleh
شافية أحمد,Shafea Ahmed
سميحة توفيق,Samiha Tawfiq
محمد القصبجي,Mohammed al-Qasabji
ببا ناجى,Baba Nagy
محمد أبو دراع,Mohammed Abu Dara
ناهد سمير,Nahed Samir
عبدالحميد بدوي,Abdul Hamid Badawi
فتحية أحمد,Fathia Ahmed
إبراهيم حمودة,Ibrahim Hamouda
سامية رشدي,Samia Rushdi
عباس يونس,Abbas Younis
أميرة أمير,Princess Amir
محسن حسنين,Mohsen Hassanein
علي رشدي,Ali Rushdie
صلاح عبدالحميد,Salah Abdul Hamid
إبراهيم يوسف,Ibrahim Youssef
حسن الإمام,Good imam
نادية السبع,Nadia the Seven
عبدالغني السيد,Abdul Ghani Al Sayed
مطاوع عويس,Mutawa &#39;Aweys
ببا عز الدين,Baba Izz al-Din
ليلى عبده,Laila Abdo
زيزى سعيد,Zizi Said
زوزو محمد,Zozo Mohammed
عايدة عزيز,Aida Aziz
سنية شوقي,Sunni Shawki
لولا جبر,Lula Jabr
محمد البكار,Mohammed Al-Bakar
أحمد نجيب,Ahmed Naguib
وداد حمدي,Wadad Hamdi
عباس رحمي,Abbas Rahmi
حامد طاهر,Hamed Taher
زوزو ماضي,Zuzu Madi
وسيم عبدالمجيد,Waseem Abdul Majeed
نجوى سالم,Najwa Salem
صلاح منصور,Salah Mansour
حورية محمد,Horeya Mohamed
محمود شكوكو,Mahmoud Shoukoku
على لوز,On the almonds
حسين إسماعيل,Hussein Ismail
جيزال كاسادسو,Gazelle Cassadso
نيللي مظلوم,Nelly Mazloum
سلوى الصغيرة,Small Salwa
محمد يوسف,Mohamed Yousif
أحمد بخيت,Ahmed Bakhit
كوكا,Coca
بدر لاما,Badr Lama
مس جويس جرو,Miss Joyce Puppy
كامل حافظ,Full Keep
أحمد عبدالحليم,Ahmed Abdel Halim
توفيق المردنلى,Tawfiq Al-Mardanli
سلوى ضو,Salwa Dou
أنطوان أنيس,Antoine Anis
كوثر عبدالله,Kawthar Abdullah
زوزو حمدي الحكيم,Zozo Hamdi al-Hakim
انطوان الصغير,Antoine the little
محمد عبد الله,Mohammed Abdullah
حليم الرومي,Halim Al Roumi
صباح,morning
محمود نصير,Mahmoud Nasir
منى,Mona
يحيى مراد,Yahya Murad
أمال سالم,Amal Salem
فتحية شاهين,Fathia Shaheen
إبراهيم قدري,Ibrahim Kadri
صلاح نظمي,Salah Nazmi
احلام,Dreams
أحلام,Dreams
هدى شمس الدين,Hoda Shams El Din
انجيل,gospel
أليس أنجيل,Alice Angel
فهمي أمان,Fahmi Aman
نادرة القصبجي,Rare Kasabji
نعيمة جمال,Naima Jamal
عبدالحليم القلعاوي,Abdul Halim al-Qalawi
فؤاد منيب,Fouad Mounib
فؤاد نويرة,Fouad Noireh
عماد الجندى,Emad El Gendy
وجيه ناصر,Wajih Nasser
حسنة سليمان,Hassan Suleiman
مفيدة أحمد,Helpful Ahmed
سميحة الطوخي,Samiha Toukhi
فطين عبدالوهاب,Fatin Abdel Wahab
عبدالنبي محمد,Abdulnabi Mohammed
السيد فخر الدين,Mr. Fakhreddine
سامية عبدالعزيز,Samia Abdulaziz
مارى نجار,Mary Najjar
  نيللى,Nelly
مورجان,Morgan
فيليب كمال,Philip Kemal
عايدة مختار,Aida Mokhtar
سابو,Sabo
محمد رضا,Mohammad Redah
عبد الوهاب الدوكالي,Abdel Wahab Doukali
أم كلثوم,Umm Kalthoum
إبراهيم فوزي (إبراهيم جكله),Ibrahim Fawzi (Ibrahim Jeklah)
احمد عامر,Ahmed Amer
محمد اسماعيل,Mohammed Ismail
فواد جعفر,Foad Jafar
غرام شيبا,Chiba Gram
فريد شوقي,Farid Shawqi
عفاف شاكر,Afaf Shaker
سعاد مكاوي,Suad Makkawi
سناء سميح,Sana Samih
يعقوب طانيوس,Jacob Tanius
لولا عبده,Lola Abdo
أحمد سالم,Ahmad Salem
عبدالعزيز حمدي,Abdul Aziz Hamdy
فتحية فؤاد,Fathia Fouad
نادية الجندي,Nadia El-Gendy
سامح عبدالرحمن,Sameh Abdulrahman
محمد عمارة,Mohamed Amara
درية أحمد,Doria Ahmed
سعدية كريم,Saadia Karim
كارم محمود,Karem Mahmoud
محمد الجنيدي,Mohammed Al-Junaidi
إبراهيم عمارة,Ibrahim Amara
فاطمة,Fatema
أبو العينين شعيشع,Abu al-Enein Shisha
عبدالحميد يونس,Abdul Hamid Younis
جورج أبيض,George White
عزيز عثمان,Aziz Othman
أنور زكي,Anwar Zaki
جمعة إدريس,Gomaa Idris
 احمد التهامي ,Ahmed Al - Tohamy
آمال وحيد,Lonely hopes
سعاد فخرى,Suad Fakhry
كريمة حسني,Karima Hosni
محمد فوزي,Mohamed Fawzy
عز الدين شاكر,Izz El Din Shaker
سهام عطية,Siham Attieh
موسى حلمى,Mousa Helmy
وهبة حسب الله,And a gift by God
محمد مصطفى,Mohammed Mustafa
محمد صبيح,Mohamed Sobeih
كوكب صادق,Honest planet
مسز مورجان,MSM Morgan
حسن جودة,Good quality
محمد محمود ابراهيم,Mohamed Mahmoud Ibrahim
فاطمة علي,Fatima Ali
احمد عبدالله,Ahmed Abdullah
صالح الكرانى,Saleh Alkrany
أديب الطرابلسي,Adeeb Trabelsi
لطفيه أمين,Lutfi Amin
نبيل خيرى,Nabil Khairy
على يوسف,Ali Yusuf
حسن أبو زيد,Hassan Abu Zeid
محمد حلمي,Mohamed Helmy
فؤاد شبل,Fouad Shebel
زكي صالح,Zaki Saleh
لور دكاش,Laure Daccache
مختار يسري,Mokhtar Yousry
محمد سلمان,Mohamed Salman
بديعة مصابني,Excellent
نعمات سامى,Namiat Sammy
حسين عسر,Hussein Asr
إعتدال شاهين,Moderation Shaheen
زكي محمد حسن (زكي الحرامي),Zaki Mohammed Hassan (Zaki Harami)
سيد فرج السيد,Sayed Faraj Al Sayed
محمد رشاد,Mohamed Rashad
عبدالعزيز سعيد,Abdul Aziz Saeed
كمال الشناوي,Kamal Al Shennawi
شلاضيمو,Schladimu
عبدالعزيز محمود,Abdul Aziz Mahmoud
بهيجة حافظ,Joyful Hafez
كمال حسين,Kamal Hussein
أحمد منصور,Ahmed Mansour
وديع الصافي,Wadih El Safi
محمد التابعي,Mohammed al-Tabi
شادية,Shadia
محمد علوان,Mohammed Alwan
إلياس مؤدب,Elias is polite
عبدالبديع العربي,Abdul-Badi&#39;a Al-Arabi
إيزاك ديكسون,Isaac Dixon
بسيمة أحمد,Bassima Ahmed
نصر الدين مصطفى,Nasr El-Din Mostafa
أحمد البيه,Ahmed Al-Bayah
توحيد هلال,Unification of Hilal
ميمي عزيز,Mimi Aziz
زينات مجدي,Zainat Magdy
فايزة توفيق,Fayza Tawfiq
فوقية كامل,Full superstructure
هاجر التلمسانى,Hajar Tlemceni
ماري باي باي (بهيجة محمد علي),Mary Bai Bey (Bahija Mohammed Ali)
سيد الحلو,Mr. Helou
محمد الحلو,Mohamed El Helou
نبيل الألفي,Nabil Al-Alfi
نعيمة الصغير,Little Naima
حافظ أمين,Hafez Amin
محمد الطوخي,Mohamed Toukhi
ماري عز الدين,Mary Ezz El Din
جمالات زايد,Gamalat Zayed
فاروق علي,Farouk Ali
رشوان مصطفى,Rashwan Mustafa
علي رضا,Ali Rida
جيهان,Jihan
هند رستم,Hind Rostom
سمير عبدالله لاما,Samir Abdullah Lama
إبراهيم جلال,Ibrahim Jalal
عزيمة توفيق,The determination of Tawfiq
سليمه مراد,Selima Murad
جعفر السعدي,Jafar al-Saadi
عبدالله العزاوى,Abdullah Al-Azzawi
فوزي محسن الأمين,Fawzi Mohsen Secretary
اعتدال يوسف,The moderation of Joseph
احلام إبراهيم,Dreams of Abraham
شيراك,Chirac
شيراك سورين,Chirac Soren
بدري حسون فريد,Badri Hassoun Farid
رشدي أباظة,Rushdi Abaza
حسين زايد,Hussein Zayed
صفاء مصطفى,Safa Mustafa
أحمد حلمي,Ahmed Helmy
سهير فخري,Suhair Fakhri
عبدالرحمن,Abdulrahman
منير صدقى,Mounir Sedqi
كيتي,Kitty
فيفى مصطفى,Wifi Mostafa
فتحية محمود,Fathia Mahmoud
محمود التوني,Mahmoud Al-Tuni
إنصاف عبدالمقصود,Adel Abdel Maqsoud
ليز ولين,Liz and Lynn
دوللي أنطوان,Dolly Antoine
كاميليا,Camellia
محمد عبدالقدوس,Mohammed Abdul Qaddous
صفية ثروت,Safia Tharwat
صلاح الدين,Salahaddin
لولا محمد,Lola Mohammed
حسني مصطفى,Hosny Mostafa
زهور شمس الدين,Flowers of Shams El Din
زينب محمد,Zainab Mohammed
محمد أبو السعود,Mohammed Abu Saud
شكري سرحان,Shukri Sarhan
عمر الحريري,Omar Hariri
خيرية خيري,Charity charity
نبيلة السيد,Nabila El Sayed
زكى كاريوكا,Zaki Karioka
عايدة فؤاد,Aida Fouad
ليلى,Leila
احمد بالى,Ahmed Bali
عبدالمنعم بسيوني,Abdel Moneim Bassiouni
سعاد فوزي,Soad Fawzi
سعد عبد الوهاب,Saad Abdel Wahab
نعيمة عاكف,Naima Akef
مختار حسين,Mokhtar Hussein
حسن كفته,Hassan Kufta
عايدة كامل,Aida Kamel
فايدة كامل,Fayda Kamel
فيفي سعيد,Happy Fifi
عبدالرحمن الخطيب,Abdulrahman Al Khatib
ثريا حسن,Thoraya Hassan
دلال,Dalal
طوسون معتمد,Toson certified
زيزى كامل,Zizi Kamel
سميحة محمد,Samiha Mohammed
نور الدمرداش,Nour Aldmrdash
عدلي كاسب,Adly Kaseb
محمود عزمي,Mahmoud Azmi
وفاء جميل,Wafa Jamil
شهرزاد,Shahrazad
علي قدري,Ali Kadri
رفعت الجمال,Beauty rose
حورية حسن,Hory Hassan
إيفون ماضي,Yvonne Mady
رجاء محمد,Raja Mohammed
فوزية إبراهيم,Fawzia Ibrahim
عادل أدهم,Adel Adham
محمد على محمد,Mohamed Ali Mohamed
حسن طاهر,Hassan Taher
فؤاد كامل,Fouad Kamel
حسين إبراهيم,Hussein Ibrahim
رجوات منصور,Rajwat Mansour
احمد ابراهيم احمد,Ahmed Ibrahim Ahmed
صلاح الدين حمدى,Salah Eddin Hamdy
إلهام علي,Elham Ali
علية علي,Alya Ali
أحمد لوكسر,Ahmed Luxer
حمادة عبداللطيف,Hamada Abdullatif
ثريا سالم,Thuraya Salem
تاجه زكي,His crown is Zaki
فاروز,Faroz
عمران بحر,Imran Bahr
عصام عبده,Essam Abdo
ماجدة,Magda
حسين عاكف,Hussein Akef
سومه ألياس,Soma Elias
زكي الفيومي,Zaki Fayoumi
ماجدة الياس,Magda Elias
سلوى سالم,Salwa Salem
علية فوزي,Alia Fawzi
ناهد فريد,Nahed Farid
سميحة أيوب,Samiha Ayoub
عادل عباس,Adel Abbas
عادل حسن,Adel Hassan
عبدالرحيم الزرقاني,Abdul Rahim Al Zarqani
عبدالغني ناصر,Abdul Ghani Nasser
هريدي عمران,Haridi Omran
علي المعاون,Ali the assistant
أحمد الجزيري,Ahmed Al-Jazeeri
أنور حسونة,Anwar Hassouna
محمد عبدالرحمن,Mohamed Abdelrahman
حسان اليماني (حسان فضل),Hassan Al-Yamani (Hassan Fadl)
أحمد غانم,Ahmed Ghanem
سوسن,Sawsan
فكرية محمد,Fakrit Mohamed
لورا,Lura
فيروز,Turquoise
الطوخي توفيق,Toukhi Tawfiq
نبوية فهمي,Nehemiah Fahmy
عماد حمدي,Emad Hamdy
حسيبة رشدي,Hassiba Rushdi
أرماندو لازارا,Armando Lazare
مدام فيرونيتشو,Madame Veronichu
جون ميليتي,John Milletti
علي ادريس,Ali Idris
توفيق الدقن,Tawfiq al-Dankin
سمير عزت,Samir Ezzat
نازك,Nazek
كاميليا صبحى,Camelia Sobhy
نوال بغدادى,Nawal Baghdadi
محمد قنديل,Mohamed Kandil
بهيجة رشدي,Bahija Rushdi
علي أحمد,Ali Ahmed
عبدالباسط البنان,Abdulbaset Al Banan
دنجل (عجمي عبدالرحمن),Dungel (Ajmi Abdel Rahman)
عايدة فوزي,Aida Fawzi
أحمد قدري,Ahmed Kadri
حسن الدويني,Hassan Al-Dwaini
حسين لطفى,Hussein Lotfy
إسماعيل شبانة,Ismail Shabana
برلنتي (برلنتي حسن),Brillante (Berlanty Hassan)
لطفي عبدالحميد,Lotfi Abdul Hamid
بديعة فوزي,Wonderful Fawzi
جين كيلي,Jane Kelly
ليزلي كارون,Leslie Caron
جورج جوتاري,George Gautari
أوسكار ليفانت,Oscar Levant
نينا فوش,Nina Foch
زمردة,Emerald
شريفة ماهر,Honest
مى مدور,Mei Mador
محمد سليمان,Mohamed Soliman
سيد عبدالله,Mr. Abdullah
نادية الشناوي,Nadia El Shennawy
صبري عبدالعزيز,Sabri Abdul Aziz
رجاء يوسف,Raja Yousef
جلال صادق,S homepage!
محمود الرشيدى,Mahmoud Al-Rashidi
أحمد أبو عبية,Ahmed Abu Abia
سامى نعسان,Samy sleepy
كامل الشباسي,Kamel Al - Shabasi
أحمد عبد الفتاح,Ahmed Abdel Fattah
عمر الجيزاوي,Omar Aljizawi
عبدالغني قمر,Abdul Ghani Amar
أحمد مظهر,Ahmed Mazhar
كمال ياسين,Kamal Yassin
محمد سالم حسن ,Mohamed Salem Hassan
جمال حمدى,Jamal Hamdy
سعد أردش,Saad Ardash
فؤاد الطوخي,Fouad Toukhi
عبدالحفيظ التطاوي,Abdulhafeez Al-Tataoui
محمد سعد محمد,Mohamed Saad Mohamed
أسامة الحفني,Osama Al-Hafni
عبدالمنعم إبراهيم,Abdul Moneim Ibrahim
زكريا سليمان,Zakaria Solomon
شريف حمودة,Sherif Hamouda
صفوت ابو العطا,Safwat Abou Elta
أنور أحمد,Anwar Ahmed
حسين عبدالنبي,Hussein Abdulnabi
قسمت شيرين,Shireen was divided
هدى سلطان,Hoda Sultan
زينب حسن الإمام,Zainab Hassan Imam
انشراح الألفى,Anhrah Al-Alfi
سناء جميل,Beautiful Sana
محمد السبع,Mohamed El Sabaa
سميرة أحمد,Samira Ahmed
نجيب عبده,Najib Abdo
حياة صبرى,The life of Sabry
زهرة العلا,Flower of Ola
رجاء عبدالحميد,Raja Abdel Hamid
حسن نعمة الله,Good grace of God
سميرة محمد,Samira Mohammed
سيد إسماعيل,Sayed Ismail
سميحة مراد,Samiha Murad
نعيمة وصفي,Naima Wasfi
ملك الجمل,King of the camel
عواطف يوسف,Awatif Youssef
شكوكو الصغير,Little Shukoku
نبوية حسن,Good Prophecy
التونى,Altoni
سامية محسن,Samia Mohsen
ثلاثى مافيستو,Three Mavisto
جمال فارس,Jamal Fares
سوسن فؤاد,Sawsan Fouad
عالية,High
سامي الشّوا,Sami Shawa
لبلبة,To the heart
مريم فخر الدين,Maryam Fakhreddine
فتوح نشاطي,Open my activity
شريفة فاضل,Sharifa Fadel
فؤاد سعيد,Fouad Said
سيد شعبان,Sayed Shaaban
آمال السيد,Mr
سالي,Sally
يوسف سليم,Yousef Saleem
ريكاردو كريدي,Ricardo Cridi
إعتماد خورشيد,Khurshid accreditation
عبد الغنى النجدى,Abdul Ghani Al-Najdi
الفرقة السودانية لوحدة وادى النيل,The Sudanese band of the Nile valley unit
محمد حسن داوود,Mohammed Hassan Dawood
سليم بسطاوى ,Salim Bastawy
كامل عثمان كنتي,Kamel Osman Kenti
ثريا,chandelier
هيرمين,Hermine
ويليام هولدن,William Holden
نانسى أولسون,Nancy Olson
فرانك لفجوي,Frank Lefgoy
باول بيسرني,Paul Biserney
كاثرين وارين,Catherine Warren
جين إيفانز,Jane Evans
محمد فاضل,Mohammed Fadhel
عواطف رمضان,Emotions of Ramadan
عبدالعزيز خورشيد,Abdulaziz Khorshid
طلعت علام,Talaat Allam
فيفى ماهر,Wafi Maher
كوثر شفيق,Kawther Shafiq
محمود الزهيري,Mahmoud Al-Zuhairi
عز الدين حنفى,Izz al-Din Hanafi
ميمي عساف,Mimi Assaf
سعيد عبدالوهاب,Saeed Abdel Wahab
عبدالمنعم مدبولي,Abdul Moneim Medbouli
ابراهيم الحلو,Ibrahim El Helou
حلمي حليم,Helmy Halim
أحمد أباظة,Ahmed Abaza
إبراهيم عباس,Ibrahim Abbas
مونا فؤاد,Mona Fouad
الغوريلا جوجو,Gorilla gorilla
عباس حلمي,Abbas Helmy
محمد الملوانى,Mohamed El Mellawany
غادة فلفل,Ghada Pepper
هدى عيسى,Huda Issa
أنور الخوام,Anwar Al Khawam
صلاح وهبي,Salah Wahbi
شفيق جلال,Shafiq Jalal
أجفان الأمير,The prince&#39;s eyelids
خيرية أحمد,Charity Ahmed
مارلى,Marley
رضوان,Radwan
جوهرة,jewel
كهرمانة,Kahramana
فوزية عبدالوهاب,Fawzia Abdel Wahab
إسماعيل نظمى,Ismail Nazmi
جلال,Jalal
فوزية مصطفى,Fawzia Mustafa
فؤاد المهندس,Fouad Engineer
فتحية محمد,Fathia Mohammed
سمير جمعة,Samir Gomaa
عواطف مصطفى,Awatif Mustafa
جورج يوردانيدس,George Yordanides
انجلو,Angelo
ايلين دياتو,Eileen Diato
سلامة إلياس,Safety Elias
هند علام,Hind Allam
مارجو,Margo
قدرية قدري,Kadri Qadri
خريستو كلاداكيس,Christo Cladakis
محمد حسين عثمان,Mohammed Hussein Osman
إبراهيم الشامي,Ibrahim al-Shami
برهان صادق,Proof sincere
أنور دياب,Anwar Diab
محمد فرج,Mohammed Faraj
إبراهيم سامى,Ibrahim Samy
اسماعيل عبدالمجيد,Ismail Abdul Majeed
زكريا حواش,Zakaria Hawash
على محرم,On Muharram
تهانى رامز,Congratulations Rams
إسماعيل عبدالمجيد,Ismail Abdul Majeed
سهير رمزي,Suheir Ramzi
وجيه الأطرش,Wajih Al Atrash
اليس,Alice
عبدالباقي حسنين,Abdulbagi Hassanein
زهير صبرى,Zuhair Sabry
نوال سامي,Nawal Sami
حسين الصياد,Hussein al-Sayyad
عفت سعيد ,Effat Said
محمد مازن الأنصاري,Mohammed Mazen Al Ansari
أنور السيد,Anwar El Sayed
سعاد محمد,Soad Mohammed
تفيده برهان,It is proof
يسر توفيق,Toufic is pleased
ليلى الجزائرية,Algerian Leila
محمد زايد,Mohamed Zayed
محمد القلعاوي,Mohammed Al - Qal&#39;awi
يوسف حلمي,Yousef Helmy
منير فريد,Mounir Farid
سليمان الجندي,Suleiman the soldier
فتحي الجندي,Fathi al-Jundi
علي عرابي,Ali Orabi
ناجي مصطفى,Naji Mustafa
سلوى سامي,Salwa Sami
محمد الأسيوطي,Mohamed El Assiouty
بديع منيب,Badi Mounib
كمال إمام,Kamal Imam
عبد السلام محمد,Abdul Salam Mohammed
إحسان القلعاوي,Ihsan al-Qal&#39;awi
عادل عزمي,Adel Azmi
رجاء توفيق,Please correct
برلنتي عبدالحميد,Berlanty Abdul Hamid
زينات علوي,Top decorations
كامل أنور,Full of Anwar
ضحى أمير,Prince sacrificed
سيد كراوية,Sayed Karawia
سعد ناصف,Saad Nasif
دولت حلمي,Dolt Helmy
مختار السيد,Mokhtar El Sayed
دولت كراوية,Dulat Karawi
لهلوبة  ,For a stroke
عايدة سلطان ,Aida Sultan
إسماعيل عبدالتواب,Ismail Abdel Tawab
فلاديمير,Vladimir
صلاح سيد,Salah Sayed
أمينة خيري,Amina Khairy
أحمد الطوخي,Ahmed Toukhi
سيد المغربي ,Sayed Moroccan
عبدالمنعم سيد تجا,Abdel Moneim Sayed Tja
محمد صلاح,Mohamed Salah
ماجدة أمير,Magda Amir
محمد شرابي,Mohammed Sharabi
فوزية حجازي,Fawzia Hijazi
حسام صالح,Hossam Saleh
دينا زاد,Dina Zad
رشدي خليفة,Rushdi Khalifa
عبدالرحمن زكي,Abdulrahman Zaki
ادهم رشدى,Adham Roshdy
نادية سلامة,Nadia Salameh
دلال محمد,Dalal Mohammed
إبراهيم رمزي,Ibrahim Ramzi
ناروز المصرى,Narrows the Egyptian
جلال حرب,Jalal Harb
حسن رياض,Hassan Riad
عبدالقادر حسين,Abdulqader Hussein
عبدالعزيز أبو الليل,Abdul Aziz Al-Layl
ميمي جمال,Mimi Jamal
روحية جمال,Spiritual beauty
عزيزة عثمان,Aziz Othman
زوزووعبده,Zouzouabdh
أنور مدكور,Anwar Madkour
محمد سرور,Mohamed Sorour
أنطوانيت أسكندر,Antoinette Iskandar
أبوخليل البيروتى,Abukhaleel al-Barouti
نيللي,Nelly
ميرفت,Mervat
ميرفت كاظم,Mervat Kazem
حسني فهمي,Hosny Fahmy
انيس حامد,Anis Hamid
سيلفانا,Sylvana
 كمال عبدالعزيز,Kamal Abdul Aziz
حياة بكر,A virgin life
نادية جمال,Nadia Jamal
احمد حسين,Ahmed Hussein
منير مراد,Mounir Mourad
سهير رضا,Suhair Reza
إحسان شريف,Ihsan Sharif
صلاح سرحان,Salah Sarhan
عبدالفتاح راشد,Abdul Fattah Rashid
قوت القلوب,The strength of hearts
هيلين,Helen
ليلى حمدي,Laila Hamdy
فوزية محمد,Fawzia Mohammed
فتحي الصافوري,Fathi El Safoury
السيد فهمي,Mr. Fahmi
عائشة حسن,Aisha Hassan
فوزي توفيق,Fawzi Tawfiq
نزهة يونس,Nozha Younes
هيام  يونس,Hiam Younes
زينب عبده,Zainab Abdo
ابن الليل,Son of the night
عبدالرحمن الفران,Abdulrahman Al-Farran
كريمان,Creeman
آمال خميس,Amal Khamis
يوسف شاهين,Youssef Chahine
عادل مأمون,Adel Mamoun
ميمي,Mimi
عبدالحليم حافظ,Abdel Halim Hafez
نعمت مختار,Naamat Mukhtar
بدرية رأفت,Badriyah Raafat
سيد درويش الطنطاوي,Sayed Darwish Tantawi
علي شكري,Ali Shoukry
حسن حامد,Hassan Hamid
زكى حسن,Zaki Hassan
نؤنؤ,We groan
حبايب,Habayeb
فوزيه إبراهيم,Fawzi Ibrahim
نجاح سلام,The success of peace
علي دياب,Ali Diab
العربى مصطفى,Arab Mostafa
أحمد الحمامي,Ahmed Hamami
جيلدا,Gilda
لين,Lin
نيا,Nia
سناء,Sanaa
امينة,Amina
فكرية,Intellectual
أنور الشناوي,Anwar Al Shennawi
نجية أحمد,Najia Ahmed
نادية رياض,Nadia Riad
حمدي غيث,Hamdi Ghaith
فاطمة السلحدار,Fatima Al - Selhdar
محمد عبدالعزيز,Mohammed Abdulaziz
نوال,Nawal
نبيل الزقزوقي,Nabil Zaqzouki
نيرة ماهر,Nira Maher
عبدالرحيم عياد,Abdul Rahim Ayyad
عزت الجاهلي,Izzat al-Jaahili
سهير عبده,Suheir Abdo
نورا,Nura
جواهر,Jewels
محمد أحمد المصري (أبو لمعة),Mohamed Ahmed El Masry (Abu Lamaa)
فؤاد راتب (الخواجة بيجو),Fouad Rateb (Al Khawaja Peugeot)
محاسن مرسي,Beauties of Mursi
أنور منسى,Anwar Mansi
العربى الصغير,The Little Arab
رضا الجمل,Reda Al Jamal
محمد البدويهى,Mohamed El Badawyy
شوشو عز الدين,Shosho Izz Aldin
سلوى عز الدين,Salwa Ezz El Din
أحمد شوقي,Ahmad Shawqi
مروان حلمي,Marwan Helmy
فيفي سلامة,Vivi Salama
داليدا,Dalida
عبدالفتاح زكي,Abdel Fattah Zaki
عايدة عثمان,Aida Othman
روحية فرج,Spiritual Faraj
كاميليا أمين,Camellia Amin
مراد حكيم,Murad Hakim
سيد المنشاوى,Sayed El Menshawy
على عيسى,On Isa
جورج عساف,George Assaf
حسين قنديل,Hussein Kandil
زازا,Zaza
هناء عادل,Hana Adel
فريد عبدالله,Farid Abdullah
فاروق عجرمة,Farouk Ajrama
علي منصور,Ali Mansour
رضا السيد,Reza El Sayed
أمين هاشم,Amin Hashim
حسن عبدالسلام,Hassan Abdel Salam
جلال عيسى,Jalal Issa
رسمية حجاج,Official pilgrims
شوقى عزوز,Shawky Azouz
محمود صبحي,Mahmoud Subhi
محمود حافظ,Mahmoud Hafez
بهية حجازي,Bahia Hijazi
الدويتو الأمريكى,The American duet
إبراهيم يونس,Ibrahim Younis
هدى عبدالفتاح,Hoda Abdel Fattah
نعمات المليجي,Nemat El Meligy
عبدالمنعم إمام,Abdul Moneim Imam
عزت طعمية,Izzat Taamieh
أحمد فؤاد,Ahmed Fouad
الشيخ محمد الفيومي,Sheikh Mohammed Al Fayoumi
وفاء شريف,Wafa Sharif
إلهام زكي,Elham Zaki
احمد طلعت,Ahmed Talaat
عمر الشريف,Omar el-shiref
سراج جمعة,سراج جمعة
منيرة عبدالمحسن,Mounira Abdelmohsen
نادية فهمي,Nadia Fahmy
محمود حمدي,Mahmoud Hamdi
عبدالرحمن هندام,Abdulrahman Hendam
محمد مرعي,Mohamed Mari
نظيم شعراوي,Nazim Shaarawi
أحمد الحماقى,Ahmed Hamaki
عبدالسلام خفاجه,Abdul Salam Khafajah
ضياء السويفي,Dia Sweifi
حسنى كلود,Hosny Claude
محمد عباس,Mohammed Abbas
سلامة الحسينى,Salama Al Husseini
محمد عبدالمجيد,Mohammed abd al majeed
حسن نشأت,Hassan Nashat
عبدالمنعم عبدالرحمن,Abdel Moneim Abdel Rahman
حسن إسماعيل,Hassan Ismail
مروان راشد,Marwan Rashed
محمد غنيم,Mohamed Ghoneim
محمد عبدالعظيم,Mohammed Abd Aladim
حمدى حسن,Hamdy Hassan
محمد حسن,Mohamed Hassan
زيزي البدراوي,Zizi al-Badrawi
عمر عفيفي,Omar Afifi
بندق حسن,Good hazelnut
نبيل العشري,Nabil El Ashry
وحيد شكرى,Wahid Shukry
عبداللطيف رشدي,Abdul Latif Rushdi
سيد العربي,Sayed Arabi
عبدالسلام المنشاوي,Abdul Salam Manshawi
عبده نيابه,Abdo Neibah
نجاة الصغيرة,Small Najat
والي السيد,Mr
فيفي يوسف,Fifi Yusuf
إيمان,Faith
احمد عيسى,Ahmed Issa
عبدالرحمن المصرى,Abdul Rahman Al Masry
مصطفى منسى ,Mustafa Mansy
آمال فريد,Amal Farid
حسن توفيق,Hassan Tawfiq
نعيم مصطفى,Naeem Mustafa
أكرام جودت,Akram Goodt
محمد عزت,Mohamed Ezzat
كمال الزيني,Kamal al-Zaini
بديع عاصم,Badi Asim
نهاد نادر,Nihad Nader
محمدي محمد,Mohammadi Mohammed
صلاح شكرى,Salah Shokry
حسن السايح,Hassan Sayeh
عبدالشافي محمد,Abdul Shafi Mohammed
محمود عشماوي,Mahmoud Ashmawy
عصمت رأفت,Ismat Raafat
فهمي عمر,Fahmy Omar
عايدة هلال,Aida Hilal
مؤمن إسماعيل,Mo&#39;men Ismail
عباس أحمد,Abbas Ahmed
ازهار محمد,Flowers of Mohammed
جابر أحمد,Jaber Ahmed
زكى فودة,Zaki Foda
نصيف مرجان,Naseef Morgan
عزيز بدر,Aziz Badr
أحمد رمزي,Ahmed Ramzy
محمود فرج,Mahmoud Faraj
ثريا عز الدين,Thoraya Ezz El Din
أحمد سعيد,Ahmed saeed
قدرية كامل,Full potency
ليلى كريم,Laila Karim
أنور محمد,Anwar Mohammed
علي الغندور,Ali Ghandour
نعيم فهمي,Naeem Fahmy
سلوى جلال,Salwa Jalal
ممدوح كامل,Mamdouh Kamel
سعيد عبدالمتعال,Saeed Abdel Muttal
جمال ابو رية,Jamal Abu Raya
عدنان,Adnan
مروان,Marwan
سعاد ثروت,Soad Tharwat
أحمد كامل,Ahmed Kamel
محمد الهواري,Mohammed Al - Hawari
فت فت,I am fat
سهير الباروني,Suhair Barouni
مها سليم,Maha Salim
مجدى مرزوق,Magdy Marzouk
محى الدين مرزوق,Mohieddin Marzouk
رفعت إبراهيم,Refa&#39;at Ibrahim
ناهد عبدالعزيز,Nahed Abdulaziz
مقبولة علم الدين,Acceptable knowledge of religion
سعيد فرج,Said Faraj
محمد عبدالحميد,Mohammed Abdulhameed
ماريز لانجو,Mariz Lango
أنتيك ملكيور,Antik Melchior
ميرنا لوي,Myrna Lowe
كوثر رمزي,Kawther Ramzi
وفاء,Wafaa
سهير أيوب,Suheir Ayoub
رؤوف كامل,Raouf Kamel
قطقوطة,Catqouta
فؤاد جعفر,Fouad Jaafar
جميل عز الدين,Jamil Ezz El Din
بثينة حسن,Buthaina Hassan
جمال الدين محمود,Gamal El Din Mahmoud
سلوى عبدالعزيز,Salwa Abdulaziz
أحمد سليمان,Ahmed Souliman
  سعيد حسن ,Said Hassan
فادية إبراهيم,Fadia Ibrahim
خالد العجباني,Khaled Al Ajbani
زكي,Zaki
فتحى عزيز,Fathy Aziz
سلوى محمود,Salwa Mahmoud
كريم ضياء الدين,Karim Ziauddin
ليلى سامى,Laila Samy
إبراهيم حامد,Ibrahim Hamid
إبراهيم خان,Ibrahim Khan
مها,Maha
أحمد المصطفى,Ahmed Mustafa
فتحية عبدالغني,Fathia Abdul Ghani
أمين الزعبلاوي,Amin Alzablawi
عدنان الشنطى,Adnan Al-Shanti
فجر,dawn
محمود فريد,Mahmoud Farid
ريري ابراهيم,Reiry Ibrahim
فوزى درويش,Fawzy Darwish
زبيدة ثروت,Zubaida Tharwat
رجاء سراج,Please see
تهاني راشد,Congratulations Rashed
نبيلة,Noble
كريمة,Generous
صلاح ذو الفقار,Salah Zulfikar
محيي الحماقي,Download Download
حمدي السيد,Hamdi El Sayed
بدر نوفل,Badr Nofal
حسن الجنايني,Hassan al-Janini
نادية حبيب,Nadia Habib
لطفي عبدالحميد فتله,Lotfi Abdul Hamid Fattla
نوال مصطفى,Nawal Mustafa
سيد مكاوي,Sayed Makkawi
محمد عبدالنبي,Mohammed Abdulnabi
محمد حمدي,Mohammed Hamdi
شكيب خوري,Shakib Khoury
منير نادر,Mounir Nader
سهير البابلي,Suheir al-Babli
فريال محمد,Ferial Mohammed
أحمد كمال,Ahmed Kamal
  فوزية حسن,Fawzia Hassan
رشوان توفيق,Rashwan Tawfiq
جمال الدماطي,Jamal Al-Damati
تيتا صالح,Tita Saleh
عبدالعزيز غنيم,Abdul Aziz Ghoneim
محروس الجارحي,Mahrous Al - Jarhi
حسين الشلقانى,Hussein Al - Shalqani
نوال كامل,Nawal Kamel
رجاء الأمير,Please the Prince
زكريا صالح,Zakaria Saleh
زغلول فهمى,Zaghloul Fahmy
عزة وحيد,Azza Wahid
فخرى فرج,Fakhry Faraj
منيرة سنبل,Mounira Saneb
صلاح المصري,Salah al-Masri
سميرة حسين,Samira Hussein
رأفت شلبي,Raafat Shalaby
عبدالقادر حسن,Abdulqader Hassan
محمد الموجي,Mohammed Al-Moji
يوسف فخر الدين,Yousef Fakhreddine
تهانى شوقى,Tahany Shawky
وحيد عزت,Wahid Izzat
أحمد المغاورى,Ahmed El Maghawary
خميس سكر,Khamis Sugar
ليلى يسري,Laila Yousry
ريري,Reiri
ماهر العطار,Maher Al Attar
ليلى صادق,Laila Sadek
تيرى كامل,Teri Kamel
بليغ حبشي,Baligh Habashi
نادية شريف,Nadia Sherif
زين العشماوي,Zain Al Ashmawi
سمير شديد,Samir Shedid
هدى عبده,Hoda Abdo
ضياء رضوان,Dia Radwan
سمر عطية,Samar Attieh
نجيب غطاس,Najib Ghattas
سيد سرحان,Sayed Sarhan
لبنى عبدالعزيز,Lubna Abdel Aziz
عصمت محمود,Ismat Mahmoud
محمد أميري,Mohamed Amiri
آمال فهمي,Amal Fahmi
فكرية كامل,Full intellectual
ليلى الدماطى,Laila Al - Damati
عبدالعزيز أسعد,Abdul Aziz Assaad
إعتدال حسن,Moderation is good
محسن خيري,Mohsen Khairy
عادل ثابت,Adel Thabet
هناء عبدالفتاح,Hana Abdel Fattah
إيهاب الأزهري,Ihab El Azhary
فؤاد راشد,Fouad Rashid
جورج كاركوريان,George Carcourian
نجيب محمود,Naguib Mahmoud
فاروق محمد,Farouk Mohamed
محمد السباع,Mohammed al-Sebaa
هدى زكي,Huda Zaki
محمد فخري,Mohammed Fakhri
عيشة محمود,Aisha Mahmoud
سوزان مجدى,Susan Magdy
نادية علي,Nadia Ali
فايزة أحمد,Fayza Ahmed
فايزة عبدالجواد,Fayza Abdul Jawad
سيد خليفة,Sayed Khalifa
هالة فاخر,A fancy halo
قيس عبدالفتاح,Qais Abdel Fattah
نجوى سعد,Najwa Saad
رشاد منصور,Rashad Mansour
منى بدر,Mona Badr
سهام,Arrows
علي وجدي,Ali Wagdy
فريدة فهمي,Farida Fahmy
كريمة مختار,Karima Mokhtar
جمال سامي,Beauty Sami
عبدالغفار ابو العطا,Abdul Ghaffar Abu Al Atta
فرحات عمر (الدكتور شديد),Farhat Omar (Dr. Shedid)
وفاء عادل,Wafa Adel
سعاد علي,Suad Ali
سعدية ندا,Saadia Nada
فايزة ابراهيم,Fayza Ibrahim
إبراهيم السيد,Mr. Ibrahim
احمد حماد,Ahmed Hammad
مدحت مرسي,Medhat Morsi
محمود حجازي,Mahmoud Hijazi
أحمد الحريري,Ahmed Hariri
محمد شعلان,Mohammed Shaalan
فاروق رمضان,Farouk Ramadan
مصطفى الكواوي,Mostafa El Kawawy
إجلال زكي,Praise be to Zaki
مختار أمين,Mokhtar Amin
حمزة الشيمي,Hamza Alshimi
ايمان حسين صدقي,Iman Hussein Sidqi
أشرف حسين صدقي,Ashraf Hussein Sidqi
إبراهيم عبدالرازق,Ibrahim Abdel Razek
منى جبر,Mona Gabr
يوسف شعبان,Youssef Shaaban
حورية (رفيعة هانم),Huraira (Rafia Hanim)
عزيز ناصر,Aziz Nasser
منى (وزة),Mona (Waza)
نجوى فؤاد,Nagwa Fouad
فيكتوريا كوهين,Victoria Cohen
جاكلين,Jacqueline
الياس صوفان,Elias Soufan
عبدالمنعم احمد,Abdel Moneim Ahmed
عباس نجيب,Abbas Najib
عبدالمجيد عامر,Abdul Majid Amer
أحمد فرحات,Ahmed Farhat
عدوي غيث,Addy Ghaith
ابتسام,smile
فرقة الدراويش,Darwish band
حلمي هلالي,Helmi Hilaly
محمد درويش,Mohammed Darwish
أحمد الشناوي,Ahmed El-Shenawy
ليلى طاهر,Laila Taher
أزهار شريف,Sharif Flowers
محمد رشدي,Mohamed Roshdy
سمير عطيه,Samir Attieh
محمود الحلو,Mahmoud El Helou
حسين السامرائى,Hussein al - Samarrai
  رمزية حميد,Good symbolism
مقبولة حسين,Accepted Hussein
كاترين يوسف,Catherine Joseph
 عبدالله زكي,Abdullah Zaki
غازي التكريتي,Ghazi Al-Tikriti
أحمد الأباصيري,Ahmed Abasiri
فاروق الدمرداش,Farouk Al - Demerdash
اسعد قلادة,Happiest necklace
شيرين,Shereen
سهير,Sohair
نوال مرسي,Nawal Morsi
غريب معوض,Strange strange
محمد مظهر,Mohamed Mazhar
أحمد طنطاوي,Ahmed Tantawi
مايك والسكاي روكتس,Mike and the Sky Rockets
علية بسيم,Alia Basim
وفاء كامل,Wafa Kamel
سوزي خيري,Suzi Khairi
زينب عبدالعزيز,Zainab Abdul Aziz
محمد سعيد,Mohammed Saeed
شكل,Form
محمود عقل,Mahmoud Akl
نعيمة الهوارى,Naima Al - Hawary
إجلال حسنى,Ijalal Hosni
إعتدال محمد,Moderation of Muhammad
فتحى عبدالحفيظ,Fathi Abdelhafeez
أنور البابا,Anwar the Pope
رفيق شكري,Rafiq Shoukry
حسنه حسنين,Hassan Hassanein
نادية لطفي,Nadia Lotfi
سونيا عبد الوهاب,Sonya Abdel Wahab
نوال عطيه,Nawal Attieh
ابراهيم عوض,Ibrahim Awad
منى عمارة,Mona Amara
صالح الإسكندراني,Saleh al-Iskandarani
محمود مختار,Mahmoud Mokhtar
أحمد صبري,Ahmed Sabry
حمدى العشري,Hamdy Al - Ashry
محمد أباظة,Mohamed Abaza
مصطفى عزمي,Mostafa Azmy
سعد قطب,Saad Qutb
عبدالرحمن أبو زهرة,Abdulrahman Abu Zahra
فتحية المليجى,Fathia El Meligy
عبدالسلام محمد,Abdul Salam Mohammed
أمين عنتر,Amin Antar
جميل غالي,Beautiful and expensive
زعيط ومعيط,Zu&#39;ait and Miqat
فايق بهجت,Fayek Bahgat
ناهد شريف,Nahed Sherif
راوية,Narrated by
نادية نور,Nadia Nour
مها صبري,Maha Sabry
عثمان المنياوى,Othman Al-Minawi
عزت عبدالجواد,Izzat Abdel-Jawad
خليل بدر الدين,Khalil Badr al-Din
عمران,Omran
إسماعيل كامل,Ismail Kamel
فايزة عبده,Fayza Abdo
وفاء حلمي,Wafa Helmy
عمر نصر,Omar Nasr
سلوى رشدى,Salwa Roshdy
عبدالحليم النحال,Abdul Halim Al Nahhal
زكي عزب,Zaki Azab
محمود عبدالعزيز,Mahmoud Abdel-Aziz
إغراء,Lure
رشدي المهدي,Rushdie Al Mahdi
أحمد حسن الشرقاوي,Ahmed Hassan El Sharkawy
أماني صادق,Amani Sadek
أسامة صادق,Osama Sadek
محمد الدفراوي,Mohamed El Dafrawi
محمد بدر الدين,Mohamed Badr El Din
سيد الريس,Sayed Al Rayes
عبدالعزيز,Abdel Azeez
اسماعيل رزق,Ismail Rizk
زين العابدين سالم,Zine El Abidine Salem
كامل الصاوى,Full Sawy
عبدالحميد الحسيني,Abdul Hamid Al Husseini
محمد شعبان,Mohammed Shaban
عبدالمحسن سليم,Abdulmohsen Salim
موسى صبري,Mousa Sabry
ثروت فهمي,Tharwat Fahmy
كمال ثروت,Kamal Tharwat
نوال إبراهيم,Nawal Ibrahim
نرجس,Narcissus
دوللي,Dolly
إلهام إبراهيم,Elham Ibrahim
حلمي عبدالوهاب,Helmy Abdel Wahab
ميمو رمسيس,Memo Ramses
جمال رمسيس,Jamal Ramses
إيفا ماري سانت,Eva Marie Saint
جيمس ماسون,James Mason
جيسي رويس لانديس,Jesse Royce Landis
جوزفين هاتشينسون,Josephine Hutchinson
ليو جي. كارول,Liu Ji. Carol
كاري جرانت,Carrie Grant
ماجدة الخطيب,Magda Khatib
حسين فوزي,Hussein Fawzi
عبدالله غيث,Abdullah Ghaith
رفعت عزو,Rifaat Ezzo
نادية عزت,Nadia Ezzat
البير رياض,Albert Riyadh
إمتثال زكي,Zaki&#39;s compliance
ليلى ولالا,Laila and Lala
زينب حسن,Zainab Hassan
أحمد يحيى,Ahmed Yahya
تغريد بدر,Twitter Badr
سمير صبري,Samir Sabri
إكرام عزو,Ikram Ezzo
محمد حسن رمزي,Mohamed Hassan Ramzy
محد بدر الدين,محد بدر الدين
عبد الحميد بدوي,Abdul Hamid Badawi
وحدات الطيران الحربى,Military Aviation Units
زيزي مصطفى,Zizi Mustafa
رجاء الجداوي,Raja Al - Jeddawi
توني,Tony
فاطمة عمارة,Fatima Amara
زكي عبدالمجيد,Zaki Abdul Majeed
آمال عبده,Amal Abdo
وجدي العربي,Wajdi Al Arabi
رشاد إبراهيم,Rashad Ibrahim
نيفين,Neven
دينا,Dina
نهاد,Nihad
أوتو,Otto
هدية,Present
أحلام عبدالعزيز,Dreams of Abdulaziz
بيومى حسن أحمد,Bayoumi Hassan Ahmed
شوقي بركة,Shawki Baraka
محمد الكردي,Mohammed Alkurdi
محمد السبع أفندي,Mohamed El-Sabaa Effendi
فكرى رمزى,Fiki Ramzy
ناهد عزمي,Nahid Azmi
هالة شوكت,Hala Shawkat
بطه,Duck
محمد طه,Mohamed taha
فلكناز محمد رأفت,Valknaz Mohammed Raafat
يوسف عوف,Yousef Auf
أمين الهنيدي,Amin al-Hinaidi
محمود بسيونى,Mahmoud Bassiouni
عواطف الحملاوي,Awatif Al-Hamlawi
أبو بكر عزت,Abu Bakr Izzat
عزة عزت,Azza Ezzat
ياسمين,Jasmine
سناء مظهر,Sanaa appearance
نعمت شكرى,Naamat Shukry
محمد رفعت,Mohamed Refaat
محمد حسنين,Mohamed Hassanein
ابراهيم المدلل,Ibrahim the spoiled
حسن يوسف,Hassan Youssef
هدى توفيق,Hoda Tawfiq
المأمون أبو شوشة,Maamoun Abu Shousha
ميمي صدقي,Mimi Sadqi
ليلى عطا الله,Laila Atallah
عبدالخالق صالح,Abdul Khaliq Saleh
شريف حمدي,Sherif Hamdy
سعاد حسني,Soad Hosni
محرم فؤاد,Muharram Fouad
ليلى فهمي,Laila Fahmy
عايدة رزق,Aida Rizk
سعاد وهبى,Soad Wehbe
أحمد زكي يكن,Ahmed Zaki Yakan
ابراهيم رمضان,Ibrahim Ramadan
إبراهيم سعفان,Ibrahim Saffan
كريستينا,Christina
صالحة المهدى,Saleh Al Mahdy
عواطف يسرى,Emotional emotions
رويدا,Slowly
روجينا حداد,Rogina Haddad
أديب قدورة,Adeeb Kaddoura
سوسو ,so so
ممدوح بريجاوي,Mamdouh Brejawi
عدنان قربي,Adnan Qirbi
محمد جبولي,Mohammed Jbouli
شريف السيد,Sherif El Sayed
عبدالله الجندي,Abdullah Al-Jundi
وفاء سكر,Wafa Sugar
عامر السبيعي,Amer al-Subaie
سحر سالم,Sahar Salem
عبدالسلام الطيب,Abdul Salam Al Tayeb
نجاح حفيظ,The success of Hafeez
رفيق السبيعي,Rafik Al-Subaie
غادة الشمعة,Ghada Al Shamaa
صالح الحايك,Saleh Al Hayek
فافى مجدى,Fafi Magdy
حورية سامي,Humorous Sami
حياة عزمى,The life of Azmi
عمر ذو الفقار,Omar Zulfikar
نادية النقراشي,Nadia Al Nukrashi
جلال عزت,Jalal Ezzat
كريمة الشريف,Kareem Al-Sharif
ممدوح شكري,Mamdouh Shoukry
نبيل الشاذلي,Nabil Shazly
ابراهيم الجوهري,Ibrahim El Gohary
ساهر ,Saher
مجدي,Magdy
زينب نصار,Zainab Nassar
اسماعيل صبرى,Ismail Sabry
حمدى صالح,Hamdy Saleh
أحمد مرسي,Ahmed Morsi
فاروق مختار,Farouk Mokhtar
نعمان فتحي,Noman Fathy
سيد الحناوي,Sayed El Henawy
حسن الكرديني,Hassan al-Kordini
السيد زيادة,Mr. Ziadeh
 ياسين مرسي,Yasin Morsi
راوية الجمال,The story of beauty
أسرار,Secrets
فتحية طاهر,Fathia Taher
حسن منصور,Hassan Mansour
أمين عبدالحميد,Amin Abdul Hamid
حسن أنيس,Hassan Anis
وحيد كريم,Single cream
إبراهيم نجم,Ibrahim Najm
سيد جمعة,Sayed Juma
سمير خليل,Samir Khalil
يوسف جمول,Yousef Jamool
محمد شبل,Mohamed Shabel
حسين عبدالخالق,Hussein Abdul Khalek
ايلين لامبريتيدو,Eileen Lampretido
صلاح نادر,Salah Nader
أشواق,The lusts
سيد إبراهيم,Sayed Ibrahim
عبدالقادر فهمى,Abdulqader Fahmy
اسماعيل الدملاوى,Ismail Al - Damlawi
عادل خيري,Adel Khairy
سلطان الجزار,Sultan of the butcher
حسين الفار,Hussein al-Far
رجاء حسين,Raja Hussein
يعقوب ميخائيل,Jacob Michael
مجدى فريد,Magdy Farid
بيري,Perry
بوب عزام,Bob Azzam
سعد زغلول,Saad Zaghloul
محمد كامل حسن المحامي,Mohamed Kamel Hassan Lawyer
مجدى كامل حسن,Magdy Kamel Hassan
ميرفت عزو,Mervat Ezzo
محمد الرملي,Mohamed Ramli
نجيب أيوب,Najib Ayoub
سلطانة يوسف,Sultana Youssef
سلوى سعيد,Salwa Said
محمد سالم,Mohammed Salem
سامي الوليلي,Sami Al Waily
دنيا,Donia
لولى نادر,Lola rare
سيد القاضي,Mr. Judge
حللي محمد (محمد حللي),Hally Mohamed (Mohammad Halali)
عواطف تكلا,Emotions of Takla
إيمان ذو الفقار,Iman Zulfikar
أمال رمزي,Amal Ramzi
أمنية,a wish
سناء يونس,Sana Younis
عادل هيكل,Adel Heikal
سيد محمود,Mr mahmod
صلاح نافع,Salah Nafi
سلطانة,Sultana
شمس البارودي,Shams al-Baroudi
سميح كامل,Samih Kamel
عبدالعظيم شعلان,Azim Shaalan
نصر سيف,Nasr Saif
الثلاثي المرح,trio of fun
نبيلة عبيد,Nabila Obeid
ليندا بدوي,Linda Badawi
عادل المهيلمي,Adel al-Muhailmi
أنور ماضي,Anwar Madi
لوسى صادق,Lucy Sadek
أميمة عمارة,Omeima Amara
نوال الجزائرية,Nawal Aljazeera
منير يسى,Mounir Jesse
كمال صلاح الدين,Kamal Salah El Din
رشدى مرسى,Roushdy Marsa
وهبه ابراهيم,Wahba Ibrahim
حسني شريف,Hosny Sherif
فوزى المرصفى,Fawzi Al - Marsafi
محمد عوض,Mohamed Awad
رأفت فهيم,Raafat Fahim
محمد عبدالسلام,Mohammed Abdulsalam
محمد القباري,Mohammed Al-Qabari
إلهام بديع,Inspirational inspiration
مراد أباظه,Murad Abaza
كنعان وصفي,Kanaan Wasfi
رويدا عدنان,Rawaida Adnan
جنار طاهر,Genar Tahir
عبدالحميد الجندي,Abdul Hamid Al-Jundi
إسماعيل النواوى,Ismail al-Nawawi
مختار يونس,Mokhtar Younis
مصطفى كمال,Mustafa Kamal
طه بدوى,Taha Badawi
محمد عبدون,Mohamed Abdoun
منصور صابر,Mansour Saber
أحمد ثروت,Ahmed Tharwat
خيري القليوبي,Khairi Qalioubi
بوسي,Bossi
محمد جمال,Mohammed Jamal
طروب,Tarub
شريف مجدي,Sherif Magdy
البير ابراهيم,Albert Ibrahim
فايز حجاب,Fayez Hijab
زيزي أحمد,Zizi Ahmed
علي الزفتاوي,Ali Al-Ziftawi
عبدالعظيم عبدالحق,Abdel Azim Abdelhak
طارق توفيق,Tarek Tawfiq
محيي الدين الأزهري,Mohieddin Azhari
نوسه حسين,Nosse Hussein
محمد حسين,Mohammed Hussein
عادل عطية,Adel Attieh
فرقة رضا,Rida Band
محمود العراقي,Mahmoud Al-Iraqi
صالح سليم,Saleh Salim
أميرة البدراوي,Amira al-Badrawi
إنجى إسماعيل,Inge Ismail
ثريا عزمي,Thoraya Azmi
نوال صلاح الدين,Nawal Salah El Din
ليندا,Linda
محمد مصطفى سامي,Mohamed Mostafa Sami
اكرام,Ikram
فاطمة الجمال,Fatima al-Jamal
صالح محمد صالح,Saleh Mohammed Saleh
ميمي محمد,Mimi Mohammed
محمد الجمل,Mohamed El Gamal
عبده حجاج,Abdo Hajjaj
نادية عزمي,Nadia Azmi
شويكار,Shweikar
سميرة حشمت,Samira Heshmat
كوثر حنفي,Kawther Hanafi
شهيرة صاروف,Famous Sarov
جوهرة عزت ,Jewel of Izzet
سهير عزت   ,Suheir Ezzat
منى عبدالله,Mona Abdullah
حامد السيد,Hamed Al Sayed
فاروق سعيد,Farouk Said
عبدالغني طاهر,Abdul Ghani Taher
أحمد خميس,Ahmed Khamis
رفيق زريق,Rafik Zureik
ناني,Nani
سعد منيب,Saad Munib
أحمد مدكور,Ahmed Madkour
مرفت عطية,Mervat Atieh
مختار محمد مصطفى,Mokhtar Mohamed Mostafa
هاني,Hany
مشمش أندراوس,Apricot and Andrews
مفتاح,a key
مديحة سالم,Madiha Salem
شهيرة كمال,Shahira Kamal
محمد قطامش,Mohammed Qatamish
زاهية ايوب,Bright Ayub
احمد صادق,Ahmed Sadek
 نادية أبو السعود,Nadia Abou El Soud
عبدالفتاح غبن,Abdel Fattah Ghoban
سهام فتحي,Siham Fathy
رؤوف عبدالخالق,Raouf Abdul Khaliq
ناهد صبري,Nahed Sabri
عاطف رزق,Atef Rizk
أحمد بكر,Ahmed Bakr
سامي سرحان,Sami Sarhan
سلمان الجوهر,Salman al-Jawhar
امال حسن,Amal Hassan
فاروق محمود,Farouk Mahmoud
على زكائي,On my answer
سمير احمد عارف,Samir Ahmed Aref
سعدي يونس,Saadi Younis
دنيا فريد,Donia Farid
كريم عواد,Karim Awad
مكي البدري,Makki Al - Badri
فوزية خضر,Fawzia Khader
ليلى انور,Laila Anwar
خديجة محمد,Khadija Mohammed
شويكار بغدادي,Shweikar Baghdadi
جوهرة غريب,A strange jewel
امال صادق,Amal Sadek
أحمد راضي,Ahmed Radi
كوثر حمدي,Kawther Hamdi
فايزة فؤاد,Fayza Fouad
آمال يسري,Amal Yusri
سمير ولي الدين,Samir Wali El Din
قدرية عسكر,Kadriya Askar
ناهد كمال,Nahed Kamal
محب كاسر,Lover lover
حسن المليجي,Hassan El Meligy
فلمون وهبي,The Movie
نادية حمدي,Nadia Hamdy
صباح العمري,Sabah al - Amri
محمد الصعيدي,Mohammed Al-Saeedi
قاسم حمية,Qassim Diet
محمود النمير,Mahmoud Al-Nimeer
فوزي الكيالي,Fawzi al-Kayali
إبراهيم مرعشلي,Ibrahim Maraashly
أبو سليم الطبل,Abu Salim Al-Tabl
يسرا البدوية,Yosra Bedouin
اسعد سعيد,Asaad Saeed
محمد سلطان,Mohammed Sultan
صلاح جاهين,Salah Jahine
بدر الدين جمجوم,Badr al - Din Jamjoom
كرستينا هيلين,Christina Helen
ملكة الايراني,Queen of Iran
نادية كامل,Nadia Kamel
خيرية صدقي,Charity charity
جمال إسماعيل,Jamal Ismail
منى سرحان,Mona Sarhan
شهاب نسيم,Shehab Nasim
ليلى صبرى,Laila Sabry
نوال أبو الفتوح,Nawal Abou El - Fotouh
حسين الحلوانى,Hussein Al-Halawani
فافى,Fafi
سهام سامى,Samy arrows
سامية أحمد,Samia Ahmed
حسين عيد,Hussein Eid
صالح العويل,Saleh Al-Awail
إبراهيم فتيحة,Ibrahim Fteihah
هدى فريد,Hoda Farid
مصطفى الشريف,Mostafa El Sherif
وردة,A rose
محمود مصطفى,Mahmoud Mustafa
فهيم سليمان,Fahim Solomon
ليلى مرسي,Laila Morsi
سمير عارف,Samir Aref
عمرو الترجمان,Amr El Torgoman
حسين السيد,Hussein Al Sayed
صلاح موسى,Salah Musa
يوسف حسني,Yousef Hosni
عزت العلايلي,Izzat al-Alaily
اشجان,Ashjan
سمير الصبان,Samir Al-Sabban
كوثر العسال,Kawther al-Assal
صلاح قابيل,Salah Cain
نبيل منيب,Nabil Mounib
خديجة محمود,Khadija Mahmoud
سيدة إسماعيل,Lady Ismail
منير التوني,Munir Al-Tuni
سناء الباروني,Sana Baroni
فاروق نجيب,Farouk Najib
محمد العزبي,Mohamed El Ezby
حسن عفيفي,Hassan Afifi
هناء الشوربجي,Hana El Shorbagy
زيزى رضا,Zizi Reda
سميرة تيسير,Samira Tayseer
ماجدة رامز,Magda Ramez
نيفين رامز,Neven Rames
ليلى مجدي,Laila Magdy
سونا علم الدين,Souna Alam El Din
مصطفى شميس,Mustafa Shmeis
إلهام شوقي,Elham Shawky
كامل أبو السعود,Kamel Abu Al-Saud
إبراهيم كامل,Ibrahim Kamel
سهيل كنعان,Suhail Canaan
صلاح عطية,Salah Attieh
لولا علم الدين,Without religion
محسن عطية,Mohsen Attieh
وحيد جلال,Wahid Jalal
جوليا ضو,Julia Dou
كوستي,Costy
اماليا عوض,Amalia Awad
مارون مراد,Maroun Murad
سمير معلوف,Samir Maalouf
عبدالمحسن نجاد,Abdul Mohsen Nejad
نوال بدر,Nawal Badr
ملفينا أمين,Melina Amin
طارق كمال إسماعيل,Tariq Kamal Ismail
حمدي فريد,Hamdi Farid
علوية مصطفى,Alawi Mustafa
حياة قنديل,Life of Qandil
عايدة عبدالعزيز,Aida Abdulaziz
ناظم الغزالي,Nazem al-Ghazali
حسن علاء الدين (شوشو),Hassan Alaeddin (Shoshu)
فهد بلان,Fahd Blan
شفيق حسن,Shafiq Hassan
صابر أبو لبن,Saber Abu Laban
محمد شامل,Mohammed Shamil
أنور إسماعيل,Anwar Ismail
كمال عباس,Kamal Abbas
ليلى النحاس,Layla Al-Nahas
إيهاب نافع,Ihab Nafea
فاتن الشوباشي,Faten Al-Shobashi
عاطف مكرم,Atef Makram
فريدة فهيم,Farid Fahim
سهير زكي,Suheir Zaki
سميرة محسن,Samira Mohsen
يكن حسين,Jake Hussein
سميرة توفيق,Samira Tawfik
نصير قرطباوي,Nasir Qartbawi
بهية أمير,Bahia Amir
محمود مرسي,Mahmoud Morsi
علية عبدالمنعم,عليه عبدالمنعم
فاتن أنور,Faten Anwar
ليلى شعير,Laila Shaer
الضيف أحمد,Guest Ahmed
جان سعادة,Jean Saadeh
عُليّة التونسية,Attieh of Tunisia
رضا علي,Reza Ali
نصري شمس الدين,Nasri Shams El Din
داني طبارة,Danny Tabbara
توفيق مظهر,Tawfiq Mazhar
زينب جادو,Zainab Jado
سهير مجدي,Suheir Majdy
نجيب وهبة,Naguib Wahba
احمد حسن,Ahmed Hassan
سعاد محمود,Soad Mahmoud
الهام محمد,Elham Mohamed
نجوى محمد,Najwa Mohammed
حسام الدين مصطفى,Hossam El Din Mostafa
عبدالله مراد,Abdullah Murad
سيد غنيم,Sayed Ghneim
منى السعيد,Mona Al Saeed
عنايات يوسف,Anayat Yousef
سعاد عبدالله,Soad Abdullah
علي مصطفى,Ali Mustafa
باهر السيد,Mr. Baher
حسن حسني,Hassan Hosni
غريب محيي الدين,Ghareeb Mohieddin
ممدوح زايد  ,Mamdouh Zayed
نوال  الصغيرة,Small Nawal
بسمة,Smile
محمود الحديني,Mahmoud Al-Hedini
ابتسام عبدالعزيز,Abtisam Abdul Aziz
سمسم,sesame
ليلى نصر,Laila Nasr
أحمد توفيق,Ahmed Tawfik
مصطفى عبدالله,Mustafa Abdullah
محمود رشاد,Mahmoud Rashad
أحمد نبيل,Ahmed Nabil
جورج سيدهم,George Sidham
سمير غانم,Samir Ghanem
أسامة رؤوف,Osama Rauf
عبدالوهاب الدوكالي,Abdul Wahab Doukali
مديحة حمدي,Madiha Hamdy
مهجة عسكر,Mahja Askar
ماريز,Marys
بثينة سالم,Buthaina Salem
حسني خضر,Hosny Khader
فاروق فلوكس,Farouk Flux
عبدالرحمن العربي,Abdul Rahman Al Arabi
إيناس عبدالله,Inas Abdullah
فوقية منصور,Top Mansour
إيشيهارا يوجيرو,Ishihara Yogiro
إيزومي أيشكاوا,Izumi Aishkawa
محمد عبدالجواد,Mohammed Abdul Jawad
سامى لطفى,Sami Lotfy
إحسان صادق,Ihsan Sadiq
خالد قرانوح,Khaled Kranouh
زين الصيداني,Zain al-Sidani
رندة,Randa
موفق بهجت,Muwafaq Bahgat
نعيمة الإسكندراني,Naima of Alexandria
سمير شمص,Samir Shams
أحمد بديعة,Ahmed Badia
وئام الصعيدي,Wael Al Saidi
كلير سعد,Claire Saad
كواكب,Planets
برنار مسكاوي,Bernard Maskawi
افهام السيد,Mr
سامي مقصود,Sami Maqsoud
سهيل نعماني,Suhail Nomani
حسن مصطفى,Hassan Mostafa
باهر سليم,Baher Slim
مديحة عبدالحليم,Madiha Abdel Halim
أبو الفتوح عمارة,Abou El Fotouh Architecture
إبراهيم الباجوري,Ibrahim Al - Bagouri
الهام شريف,Elham Sherif
 نبيل ميشيل ,Nabil Michel
نيللي كامل,Nelly Kamel
منى مراد,Mona Mourad
هالة الشواربي,Hala Al - Shawrabi
كمال انور,Kamal Anwar
ناصر ضياء الدين,Nasser Ziauddin
عدوية الجمال,The beauty of beauty
فيفي فهيم,Fifi Fahim
جاذبية حجازي,The gravity of Hijazi
عثمان العوضى,Othman Al Awadi
منصور الجوهري,Mansour Al Gohary
عبدالمجيد نصر,Abdulmajid Nasr
عادل هاشم,Adel Hashem
حسين الشربيني,Hussein Al Sherbini
شاهيناز طه (شاهيناز),Shahinaz Taha (Shahinaz)
محمد حبشي,Mohamed Habashi
لويس يوسف,Louis Joseph
عصام الشناوي,Essam El Shennawy
صبري عياد,Sabri Ayad
سمير ابوالسعد,Samir Abu Al-Saad
منير معاصري,Mounir Maasri
محمدين,Mohammadine
محسن السمراني,Mohsen Alsamrani
نوال فهمي,Nawal Fahmy
سهيل تلحوق,Suhail Talhouq
مديحة كامل,Madiha Kamel
ايمان رفعت,Iman Refaat
سمية غنيم,Sumaya Ghonaim
تينا,Tina
جمال شبل,Gamal Shabel
صفاء الشامي,Safa El Shami
رياض غلمية,Riad Gholmieh
شفيق هاشم,Shafiq Hashim
سميرة بارودي,Samira Baroudi
رشيد علامة,Rachid Alamah
شارل كريمونا,Charles Cremona
صالح مشلاوي,Saleh Mashlawi
نجا نصار,Nassar survived
وطفى,Lotfi
إلياس رزق,Elias Rizk
منصور جابر,Mansour Jaber
سامي طموم,Sami Tamoum
عصام بهيج,Essam Bahij
طه إسماعيل,Taha Ismail
محمد لطيف,Mohamed Latif
حنفي بسطان,Hanafi Bastan
احمد صالح,Ahmed Saleh
حمدى فراج,Hamdy Farraj
حمادة إمام,Hamada Imam
انور صالح,Anwar Saleh
رأفت عطيه,Raafat Attieh
حسن الشاذلي,Hassan Shazly
محمد رفاعى,Mohamed Rifai
نجيب المستكاوى,Naguib Almstakawi
محمد الجندى,Mohamed El Gendy
خضر,green
عبده نصحى,Abdo Nashey
مصطفى رياض,Mostafa Riad
ريعو,Reyo
محمد بدوى,Mohammed Badawi
رفعت الفناجيلي,Rifat al-Fanajili
مفيد فوزي,مفيد فوزي
محمد يحيى,Mohammad Yahya
علي محسن,Ali Muhsen
إسلام فارس,Islam Fares
محمد شريف,Mohammed Sherif
مرسي الحطاب,Mursi the woodcutter
سعد الغزاوي,Saad Al-Ghazzawi
عبدالمنعم أبو الفتوح,Abdul Moneim Abul Fotouh
فؤاد رضا,Fouad Reza
فؤاد شافعي,Fouad Shafei
سلامة عوض,Salama Awad
سامي محمودي,Sami Mahmoudi
محسن المليجى,Mohsen Almeleiji
رجائى,Rajai
آمال شريف,Amal Sharif
وجيه صدقي,Wajee Sedqi
نيللى محمود,Nelly Mahmoud
فكتوريا كوهين,Victoria Cohen
آن سميرنر,Anne Smirner
عادل بدر الدين,Adel Badr El Din
عادل إمام,Adel Emam
احمد عز الدين,Ahmed Ezz El Din
فؤاد الألفي,Fouad Al - Alfi
فؤاد عطية,Fouad Attieh
نبيل الهجرسي,Nabil Al-Hajri
محسن طنطاوى,Mohsen Tantawy
رجاء جاد,Please serious
صفاء حمدي,Safa Hamdi
فريال كريم,Ferial Cream
عيسى النحاس,Issa Al-Nahas
جلال وجدي,Jalal Wagdy
ديب صابات,Deep Babes
ماريا كاريرياسي,Maria Carreriasi
ميادة,Mayada
ميرفت خطاب,Mervat Khattab
زكريا موافي,Zakaria Mawafi
سامي عطايا,Sami Ataya
عدنان طرابلسي,Adnan Traboulsi
هلال يوسف,Hilal Yousef
علي العطار,Ali Al Attar
رامز زيات,Ramez Zayat
صبحي عبدالصمد,Sobhi Abdel-Samad
عبدالغني الشيخ,Abdul Ghani Al-Sheikh
زقزوق البيروتي,Pheromone zigzag
وداد جبور,Wadad Jabbour
نايفة المشلاوي,Nayefah Mashlawi
وفاء طربيه,Wafa Tarabieh
حسين خضر,Hussein Khader
فاروق العباسى,Farouk Al Abbasi
رجاء صادق,Please be honest
زهور,Flowers
ملك سكر,King of sugar
نجوى يونس,Najwa Younis
فريال حمادة,Ferial Hamada
جلال حسن,Jalal Hassan
مارسيل خياط,Marcel Khayat
شاكر عيساوي,Shaker Issawi
عزيزة,Aziza
عيسى ديب,Issa Dib
سوسن مفرج,Sawsan Mufraj
دياب الحاج,Diab El Hajj
ناهد شوران,Nahed Shouran
لطفي زيني,Lotfi Zinni
مياده,Mya
مصطفى رشوان,Mostafa Rashwan
صفاء أبو السعود,Safaa Abu Al Saud
نعيمة أحمد,Naima Ahmed
سيف الله مختار,Saif Allah Mukhtar
الفونس ميخائيل,Alphonse Michael
سهير المرشدي,Suheir Al-Morshedi
فيفي عبده,Fifi Abdo
حليم يوسف,Halim Youssef
إيمان ربيع,Faith Spring
صفاء مجدي,Safa Magdy
منير ياسين,Mounir Yassin
جلال المصري,Jalal Al-Masri
محسن حافظ,Mohsen Hafez
عزت المشد,عزت المشد
علي محيي الدين,Ali Mohieddin
نبيلة أباظة,Nabila Abaza
عقيلة أمين,Aqila Amin
إيلي شويري,Eli Choueiri
جوزيف ناصيف,Joseph Nassif
فيلمون وهبي,Filmon Wahbi
جوزيف عازار,Joseph Azar
سلوى حداد,Salwa Haddad
ميشال حاج,Michel Haj
وليم حسواني,William Hassouani
هدى حداد,Hoda Haddad
سعاد كريم,Soad Karim
سامية محمد,Samia Mohammed
خيرى فرج,Khairy Faraj
احمد رشوان,Ahmed Rashwan
فادية عكاشة,Fadia Okasha
إيناس محمد,Inas Mohammed
رفعت حبيب,Rifaat Habib
علي الجندي,Ali the soldier
حمدي مرسي,Hamdi Morsi
مصطفى صادق,Mustafa Sadek
شريف يحيى,Sharif Yahya
شريف زهير,Sherif Zuhair
مجدي حسن,Magdy Hassan
ميشيل فؤاد,Michel Fouad
سمير ماهر,Samir Maher
فيفي شحاته,Vivi Shehata
فيفي حجاج,Fifi Hajjaj
فكري طه,Think Taha
نجده علي,We find him
نبيل عباس,Nabil Abbas
محيي زكي,Mohi Zaki
جاذبية فؤاد,The attraction of Fouad
علي العطيفي,Ali al-Atifi
ليلى كمال,Laila Kamal
سامية شكري,Samia Shukri
محمود النادي,Mahmoud the club
علي زيوار,Ali Zewar
عبدالحميد عثمان,Abdul Hamid Osman
وجيه عزت,Wajih Ezzat
كريمان الشوربجي,Kryman Shorbagy
سمير قطب,Samir Qutb
تغريد البشبيشي,Taghreed Albashbishi
ليلى حليم,Laila Halim
أمل سكر,Amal Sugar
كاريمان حليم,Cariman Halim
رياض المغربل,Riad al-Maghrabil
مجدى حافظ,Magdy Hafez
مجدي أبو عميرة,Magdy Abou Amira
عماد الدين أديب,Emad Eddin Adib
مصطفى عبدالعزيز,Mostafa Abdel Aziz
دريد لحام,Duraid Lahham
نهاد قلعي,Nihad Qali
حنا المعلوف,Hanna Al-Maalouf
صفوح الشربجي,Sufouh Al Sharbaji
ماروشكا,Marushka
سامي قدوحة,Sami Kadouha
ليلى منسي,Laila Mansi
ليلى فاضل,Laila Fadel
نجود زاهر,Nujood Zaher
كرم مطاوع,Karam Mutawea
هاني شاكر,Hani Shaker
أشرف السلحدار,Ashraf AlShelhdar
مديحة وجدي,Madiha Wagdy
فاروق هلال,Farouk Hilal
سمورة,Samura
مائدة نزهت,The table is finished
غاده سالم,Ghada Salem
سعيد العجلاوى,Saeed Al Ajlawi
جمعة الشبلي,Jumaa Al Shibli
عباس جمعة,Abbas Gomaa
خوله عبدالرحمن,Sheikh Abdul Rahman
خليل الرفاعي,Khalil al-Rifai
فاروق  فياض,Farouk Fayyad
سمير القاضي,Samir al-Qadi
السيد راضي,Mr. Radi
سلوى فؤاد,Salwa Fouad
نوال هاشم,Nawal Hashim
كلتوم,Caltom
محمد شويخ,Mohammed Shuwaikh
حسن حسانى,Hassan Hassany
طيان,Tayan
مصطفى كاتب,Mustafa is a writer
بوغرير احمد,Bougher Ahmed
تانيا تمقاد,Tania is blessed
كلثوم,Kalthoum
حمدي أحمد,Hamdi Ahmed
هدى الجزائرية,Hoda Aljazeera
أبو لبن,Abu Laban
أبو الطول,Abu al-Tall
أبو شوقي,Abu Shawki
أورسولا فرانكي,Ursula Frankie
تمام إبراهيم,Tammam Ibrahim
أحمد ماهر تيخة,Ahmed Maher Tekha
سمير النحاس,Samir Al Nahas
محمود مكين,Mahmoud Makin
امين صبرى,Amin Sabry
مصطفى سراج الدين,Mostafa Serageldin
فاروق السيد,Farouk El Sayed
حامد محمود,Hamed Mahmoud
محمد محمود,Mohamed Mahmoud
علي جوهر,Ali Jowhar
نادية سيف النصر,Nadia Saif Al Nasr
محمد الدوكش,Mohammed Aldoqsh
عزيزة يونس,Aziza Younis
غازي جرمانوس,Ghazi Germanus
ميشلين ضو,Michelin Dou
عبدالنبى المغربى,Abdelnabi El Maghraby
جان مارتن,Jean Martin
ياسف سعدي,Saad Saadi
فوزية القادر,Fawzia Alkader
إبراهيم حجايج,Ibrahim Hajaj
توما سونيري,Thomas Sonny
ميشيل كرباش,Michel Kerbash
محمد بن قاسم,Mohammed bin Qasim
أوجوباليتى,Ojubaletti
قوسيا الحضر,Quasi urban
بيري نافع,Berry Nafi
فاضل فريد,Fadel Farid
فادية احمد,Fadia Ahmed
إبراهيم زاده,Ibrahim Zadeh
رضوان حافظ,Radwan Hafez
محمود أبو زيد,Mahmoud Abu Zeid
حمدي سالم,Hamdi Salem
محمد خليل,Mohammed Khalil
سيفدا نور,Sefda Nour
أورغن غوكنار,Orgen Göckner
لطفي أنجان,Lotfi Anjan
جيزيل نصر,Giselle Nasr
محمد خير حلواني,Mohamed Khair Halawani
باكلان الجان,Paclan Elves
عليا رونا,Alya Rona
‫ابراهيم ديليدينز‬,Ibrahim Delidens
مهتيريم نور    ,Mahtirim Nour
سونا بيكوسال,Sona Piccall
آيلا ألجان,Ayla Allan
منال وحيد,Manal Wahid
مصطفى هاشم,Mustafa Hashem
فاطمة مصطفى,Fatima Mustafa
طارق الخوام,Tarek Al-Khawam
محسن الصفتي,Mohsen Safti
حسن حسين,Hassan Hussein
عبدالعزيز مكيوي,Abdul Aziz Mekky
أشرف عبدالغفور,Ashraf Abdul Ghafour
نبيلة صقر,Nabila Saqr
رؤوف مصطفى,Raouf Mostafa
أحمد حسين,Ahmed Hussein
محمود راشد,Mahmoud Rashed
فاروق الحكيم,Farouk Al Hakim
سيف النصر أبو العلا,Saif El Nasr Abou El Ela
أحمد سامي,Ahmad Sami
هالة فؤاد,Hala Fouad
كوثر شريف,Kawther Sharif
عادل عوض,Adel Awad
عاطف عوض,Atef Awad
علاء عوض,Alaa Awad
ليونى ليون,Leonie Lyon
محمد نوح,Mohamed Noah
امال سامى,Amal Samy
مارسيل مارينا,Marcel Marina
صلاح تيزاني,Salah Tizani
عاصي الرحباني,Assi Rahbani
عبدالله حمصي,Abdullah Homsi
إيلي صنيفر,Eli Sanifer
برج فازيليان,Vazilian Tower
محمود مبسوط,Mahmoud Mbesout
ليلى كرم,Laila Karam
جوزيف نانو,Joseph Nano
أحمد خليفة,Ahmed Khalifa
عادل الشناوي,Adel El Shennawy
علا رامي,Ola Rami
عبداللطيف التلباني,Abdul Latif Al-Talbani
سيد الملاح,Master of the navigator
سعيدة جلال,Happy Jalal
فريال حسين,Ferial Hussein
جمال الوحش,Beauty monster
كمال عبدالعاطى,Kamal Abdel Aaty
فؤاد دسوقى,Fouad Desouki
فرانسوا إبراهيم,Francois Ibrahim
بديع صليب,Badi Cross
إبراهيم عرايس,Ibrahim Arais
وحيد شوقي,Wahid Shawky
نفرتيتى,Nefertiti
اميمة كامل,Omayma Kamel
عصام الحلبي,Essam Al - Halabi
أحمد فؤاد حسن,Ahmed Fouad Hassan
لطيفة توفيق,Latifa Tawfiq
عبدالمنعم حسن,Abdel Moneim Hassan
راقية حسن,Upscale good
ببا السيد,Mr
فاروق مصطفى,Farouk Mostafa
عادل مراد,Adel Murad
علياء نمري,Alia Nimri
طلال مداح,Talal Maddah
هند طاهر,Hind Taher
علياء فخري,Alia Fakhri
هاشم قنوع,Hashim is surprised
ريمون زكى,Raymond Zaki
ندى,Nada
ايفا,Eva
قمر,Moon
عبداللطيف فتحي,Abdul Latif Fathi
تغريد,twitter
عماد فريد,Emad Farid
أحمد الصوص,Ahmed Alsous
أمين حمدان,Amin Hamdan
ايلي عجيل,By Elie Agil
الأمين عبدالله,Secretary Abdullah
مراد سليمان,Murad Suleiman
زياد مكوك,Ziad Makouk
مروان محفوظ,Marwan Mahfouz
مارى إليكس,Mary Alex
قاسم حول,Kassem Hawal
فاضل خليل,Fadel Khalil
زينب,Zaynab
سليمة خضير,Salima Khudair
نعيمة البدري ,Naima Al - Badri
عبدالجبار عباس,Abdul Jabbar Abbas
فارس خليل شوقي ,Fares Khalil Shawky
عبدالله نجيب,Abdullah Najeeb
أحمد حجازي,Ahmed Hegazy
جلال غنيم,Jalal Ghunaim
أحمد قاسم,Ahmed Kassem
سعاد أبوالحسن,Souad Abou El Hassan
خضره محمد خضر,Khadra Mohammed Khader
ناهد يسري,Nahed Yousry
عادل نصيف,Adel Nasif
أيناس أنور,Anas Anwar
نبوية سعيد,Happy Prophecy
أحمد مرعي,Ahmed Mari
إنعام الجريتلي,Inam al-Gritli
أمال مراد,Amal Murad
شوقى شفيق,Shawky Shafiq
أمال عفيش,Amal Afish
ابو تامر,Abu Tamer
برلنتى فؤاد,Fouad Fouad
محمد كريم,Mohammed Kareem
عبدالله تيمور,Abdullah Timur
مارينا,Marina
صابر سعيد,Saber Said
حسين عرابى,Hussein Orabi
صادق أحمد,Sadiq Ahmed
سوسو علي,Soso Ali
حلمي بكر,Helmi Bakr
سهير سامي,Suhair Sami
محمد البشاري,Mohammed Al - Bishari
سليم حانا,Salim Hanna
صباح فخري,Sabah Fakhry
مظهر الحكيم,Appearance wise
شفيق المنفلوطي,Shafiq Manfalouti
عبدالرحمن آل رشي,Abdulrahman Al-Rashi
عمر حجو,Omar Hijjou
أنور المرابط,Anwar Almroubat
كوكب جمال,Planet of beauty
رضوان الساطى,Radwan Al - Shati
أحمد طرابيشي,Ahmed Tarabishi
فايزة الشاويش,Fayza Al - Shawish
شاكر بريخان,Shaker Prekhan
زياد مولوي,Ziad Mawlawi
أبو النور,Abu alnoor
ماجد أفيوني,Majid Avioni
أبو عبد البيروتى,Abu Abd al-Barouti
عبدالكريم عواد,Abdul Karim Awad
محمد شمعة,Mohamed Shamaa
فاروق عبدالجواد,Farouk Abdul Jawad
خضر ناصر الدين,Khader Nasser Aldin
زكي حمود,Zaki Hammoud
حسن بنات,Good Girls
سمير أبو سعيد,Samir Abu Said
سعيد صالح,Said Saleh
سيد زيان,Mr. Xian
وسيلة حسين,Waseela Hussein
السيد منير,Mr. Mounir
عزة فؤاد,Azza Fouad
محمد السقا,Mohamed El Sakka
صلاح السعدني,Salah al - Saadani
نجلاء فتحي,Najlaa fat&#39;he
أميرة,Princess
يوسف شرف الدين,Youssef Sharaf El Din
إيلي شماس,Eli Shammas
كارول دولاب,Carol Dulab
ايجور فلادميروف,Igor Vladmirov
فلاديمير ايفاشوف,Vladimir Ivashov
سيف عبدالرحمن,Saif Abdul Rahman
ديورى كاميرونى,Diori Cameroni
فاليريا ايفاشكوف,Valeria Ivashkov
اسفتلاناشجون,Aftelanashjon
عبدالمجيد براقه,Abdulmajeed Burqa
محمد مرشد,Mohamed Morshed
مبروكه,Congratulations
اينافيودوروفا,Enavyodorova
مشيرة إسماعيل,She said
ماهر السيد,Maher El Sayed
عصمت عباس,Ismat Abbas
حسن موسى,Hassan Musa
رشدي ياقوت,Rushdie Sapphire
سلوى ذكائي,Salwa is smart
علي سلطان,Ali Sultan
أنطون غطاس,Anton Ghattas
حسن توتالة,Good tone
محمود كامل,Mahmoud Kamel
محمد الأمين,Mohamed El Amin
بثينة عبدالغني السيد,Buthaina Abdel Ghani El Sayed
عبدالله يوسف,Abdullah Youssef
أمينة الشريعي,Amina Al-Sharaie
ميرفت أمين,Mervat Amin
رهام مظهر,Reham appearance
ملك اسماعيل,King of Ismail
ليلى الشقراء,Laila Blonde
سناء ماهر,Sana Maher
منى قطان,Mona Kattan
أحمد عمار,Ahmed Ammar
تيريز,Therese
فوقية عامر,Superman
سيد مندولين,Mr. Mandolin
عبدالله شماس,Abdullah Shammas
محمد الدكش (محمد الدوكش),Mohammed Al-Dakhsh (Mohammad Al-Duqash)
كريم أبو شقرا,Karim Abu Chakra
سامى ديب,Samy Deb
رامز سلمان,Ramez Salman
فاروق جواد,Farouk Jawad
عادل غانم,Adel Ghanem
ريم سلمان,Reem Salman
خضر نصر الدين,Khader Nasr El Din
علي شمس الدين,Ali Shams El Din
بشارة صوايا,Bishara Sawaya
جان فرحات,Jean Farhat
نعيم شاهين,Naeem Shaheen
محمد نور الدين,Mohamed Nour El Din
علي الحلو,Ali Helou
أحمد سلطان,Ahmed Sultan
ميراندا,Miranda
ليلى عز الدين,Laila Ezz El Din
زيزى محمد,Zizi Mohamed
جوزيان فؤاد,Joziane Fouad
مديحة عبدالوهاب,Madiha Abdel Wahab
برجيت,Burget
بريجيت عمر,Brigitte Omar
جمال حسني,Gamal Hosni
حميدة موسى,Hamida Mousa
عايدة الشريف,Aida Sharif
عبدالمنعم النمر,Abdel Moneim El Nemer
احمد شمس الدين,Ahmed Shams El Din
أنجيل آرام,Angel Aram
هوليا كوشيت,Holly Kushit
مراد سويدان,Murad Sweidan
محمود ياسين,Mahmoud Yassin
عصمت بكر,Ismat Bakr
محيي الدين عبدالمحسن,Mohieddin Abdelmohsen
منى سليم,Mona Slim
منير جارودي,Mounir Jaroudi
أحمد دنش,Ahmed Densh
فاطمة خانجي,Fatima Khanji
فؤاد ضاهر,Fouad Daher
أمل صادر,Amal Sader
الياس أبو حبيب,Elias Abou Habib
خليل صليبي,Khalil Salibi
نجوى الموجي,Najwa Al - Moji
جيرمين صباغ,Jermaine Sabbagh
وجيه شريف,Wajih Sharif
عثمان توفيق,Osman Tawfiq
محمد وفيق,Mohamed Wafik
سهير فهمى,Suheir Fahmy
إلهامي فايد,My inspiration is Fayed
محمد سلماوي,Mohamed Salmawy
إبراهيم حسنين,Ibrahim Hassanin
سالي (سالي جلال),Sally (Sally Galal)
عصام مصطفى,Essam Mustafa
كمال سرحان,Kamal Sarhan
نبوية البلتاجى,Prophetic Prophecy
محمود الشريف,Mahmoud El Sherif
صحبى امين,I accompanied Amin
عفاف بدر,Afaf Badr
محيى شكرى,My thanks
سليمان السكرى,Download
فاطمة سرحان,Fatima Sarhan
شوقى القناوى,Shawky El - Kenawy
محمد عبدالفتاح,Mohammad Abdulfattah
فؤاد حسني,Fouad Hosni
علي يوسف,Ali Yusuf
إنعام سالوسة,Inam Salousa
حكمت فؤاد,Hikmat Fouad
نادية جميل,Nadia is beautiful
أمل الصيفي,Amal Al-Saifi
محاسن الحلو ,Sweet Beauties
أحمد جمهورية,Ahmed Republic
أماني ناشد,Amani Nashid
ثريا عبدالوهاب,Thoraya Abdel Wahab
ممدوح زاهر,Mamdouh Zaher
أنيس طاهر,Anis Tahir
جمال الجداوي,Jamal Al Jeddawi
صافيناز الجندي,Safinaz Soldier
ابراهيم عاكف,Ibrahim Akef
فيليب عقيقي,Philip Akiki
محمود زريق,Mahmoud Zureik
سمير الغصيني,Samir Ghosaini
ليلى الشناوي,Laila Shenawi
محمد السيد,Mohamed El Sayed
ماري داود,Mary Dawood
عبدالرحمن علي,Abdul Rahman Ali
نعمت رستم,Nemat Rustam
صبري عبدالقادر,Sabri Abdelkader
منصور يوسف,Mansour Youssef
محمود الألفي,Mahmoud Al-Alfi
سالى وود,Sally Wood
بهاء عبدالحميد,Bahaa Abdul Hamid
ماجي,Maggie
حسن شفيق,Hassan Shafiq
محمد دسوقي,Mohamed Desouki
إبراهيم كمال,Ibrahim Kamal
سيد ياسين وفرقتة,Sayed Yassin and Farqata
زيزى بكير,Zizi Bakir
أحمد العدل,Ahmed Justice
نجيب سرور,Naguib Sorour
محمد أبو حشيش,Mohammed Abu Hashish
فتحي عبدالستار,Fathi Abdel-Sattar
فاروق يوسف,Farouk Yousef
فريال بدر,Ferial Badr
اشرف,Ashraf
أحمد الدلة,Ahmed Aldla
سهير مصطفى,Suheir Mostafa
أمين رياض,Amin Riad
علوي فريد,A unique loft
سمير رستم,Samir Rustam
نور الشريف,Nour El-Sherif
عزمى فرج,Azmi Faraj
محمد خيري,Mohamed Khairi
أحمد خليل,Ahmed Khalil
أحمد عنان,Ahmed Annan
محمود جبر,Mahmoud Jabr
سليم صبري,Salim Sabri
أحمد عداس,Ahmed Adas
نزار فؤاد,Nizar Fouad
محمد العقاد,Mohamed Akkad
فهد كعيكاتي (أبو فهمي),Fahad Kaikati (Abu Fahmy)
ميليا شمعون,Melia Chamoun
يوسف شويري,Yousef Choueiri
لويس بدوي,Louis Badawi
وصفي المالح,Descriptive Malih
زهير حداد,Zuhair Haddad
نور كيالي,Nour Kayali
سمير خولي,Samir Kholy
عبدالرحمن نور الله,Abdulrahman Nour Allah
ريما قصيباتي,Rima Qusaybati
دينا لحام,Dina Laham
ديانا لحام,Diana Laham
نزار باكير,Nizar Bakir
ليلى غانم,Laila Ghanem
جلاديس ابوجودة,Gladys Abojouda
أماليا أبي صالح,Amalia Abi Saleh
فؤاد الأثاث,Fouad Furniture
سناء يوسف,Sanaa Yousef
ليلى حسن,Laila Hassan
حبيبة (جلاديس),Habiba (Glades)
نايل عبدالمقصود,Nile Abdel Maqsoud
محيي إسماعيل,Mahi Ismail
حمدي يوسف,Hamdi Youssef
عقيلة رفعت,Rifaat &#39;s Wife
راوية عاشور,Rawia Ashour
علي عزب,Ali Azab
حسن شبل,Hassan Chebble
وحيد سيف,A single sword
ليلى حافظ,Laila Hafez
سامية سامي,Samia Sami
اعتدال صديق,Moderate friend
عبدالرحمن حامد,Abdulrahman Hamed
عصام العشري,Essam Al - Ashri
هالة أنور,Hala Anwar
كوثر حجازى,Kawther Hijazi
فوزية عزت,Fawzia Ezzat
راجية إبراهيم,Rajia Ibrahim
فتحية رشدي,Fathia Rushdi
ماجد فهمي,Majid Fahmy
ليلى نظمي,Laila Nazmi
صبحى فؤاد,Sobhy Fouad
فاروق مشالى,Farouq Mashali
ريري أحمد,Reiry Ahmed
فاروق الرشيدي,Farouk Al - Rashidi
عبدالحميد المنير,Abdul Hamid Al - Munir
فيفي فياض,Fayfi Fayyad
محمود السيد,Mahmoud ElSayed
سامى الجمل,Samy El Gamal
رأفت الهواري,Raafat Al Hawari
زهرة امام,Flower in front of
الين,JPY
سونى,Sony
كوثر صبحي,Kawthar Sobhi
عبدالحى حبيب,Abdelhaby Habib
حسن السبكي,Hassan al-Sabki
وفيق فهمي,Wafiq Fahmi
أحمد شكري (أحمد شكري الصقال),Ahmed Shukri (Ahmad Shukri Al-Saqal)
حلمي الزمر,Helmi Al Zomor
محمد الجدي,Mohamed El Gedi
عزيز فايق,Aziz Fayek
محمد علام,Mohammed Allam
فاطمة مظهر,Fatima Mazhar
فاتن فريد,Faten Farid
منى إبراهيم,Mona Ibrahim
محمد بهجت,Mohamed Bahgat
عبدالله فرغلي,Abdullah Farghali
جمال إمام,Jamal Imam
أوزجان تيكول,Ozgan Tekol
آمال شوكت,Amal Shawkat
على شان,Because
آيتون سيرت,Eaton Cert
سامى حزين سيس,Samy sad sad
تورون كاراجا اوغلو,Torun Karaja Oglu
فاروق بانتير,Farouk Bantir
ياشير أيرسوي,Yashir Ayersui
حقي أقطان,My right is cotton
فونزو أديولو,Fonzo Adiolo
بوكي أجاي,Bucky Ajay
دانيال الالاد,Daniel Elad
بولاجي اكيكبوجن,Paulaji Akkebogen
مواليه سورزلاند,Moyle Surzland
انيلا أولومجبون,Anila Oloumgbon
اولو أجبولا,Oulu Ajbola
بوب دافيس,Bob Davis
بوزه اولود,Bose Olud
باتريشيا غراهام,Patricia Graham
ملكه زايد,His Majesty Zayed
مصطفى الشقنقيري,Mustafa Al-Shqankiri
نادية رشاد,Nadia Rashad
حسن عابدين,Hassan Abdeen
محسنة توفيق,Improved Tawfiq
جلال توفيق,Jalal Tawfiq
رشاد عثمان,Rashad Othman
ميرفت سعيد,Mervat Said
حامد حنفي,Hamed Hanafi
رشدي سلام,Rushdie peace
مجدي وهبة,Magdy Wahba
مرجان,coral
نهلة,Nahla
سامي عطار,Sami Attar
منى واصف,Mona Wassef
هاني الروماني,Hany the Roman
صبرية,Sabria
إيلي غريبة,Eli is curious
صلاح قصاص,Salah Qassas
محمود المصرى,Mahmoud Al-Masry
عدنان العاقل,Adnan Al - Aqeel
محمد علي عبده,Mohammed Ali Abdo
غادة كيلاني,Ghada Kilani
عبدالرحمن الخميسي,Abdulrahman Al-Khamisi
ايمان شريف,Iman Sharif
البرنس أبو الفتوح,Prince Aboul Fotouh
إبراهيم خورشيد,Ibrahim Khorshid
 مصطفى كامل,Mustafa Kamel
توفيق الكردي,Tawfiq al-Kurdi
عماد محرم,Imad Muharram
سهير أحمد,Suheir Ahmed
إبراهيم نصر,Ibrahim Nasr
ناجي سيد,Nagy Sayed
سعاد صبري,Suad Sabri
عبدالحميد أنيس,Abdul Hamid Anis
كريمة البدراوى,Karima Al - Badrawi
جابر مصطفى,Jaber Mustafa
اكرام رشدى,Ikram Roshdy
نبيل مبروك,Nabil Mabrouk
حسن الصغير,Hassan al-Saghir
مينا كريستوفر,Christopher Mina
منى فريد,Mona Farid
سميرة سالم,Samira Salem
طه محمود حسن,Taha Mahmoud Hassan
نادرة أحمد,Nadra Ahmed
زينات الفولي,Foley decorations
احلام رشدي,Dreams of Rushdie
عبدالفتاح محمد,Abdul Fattah Mohammed
مصطفى المصري,Mostafa El Masry
نادية حسن,Nadia Hassan
زينب احمد,Zainab Ahmed
سامية عزام,Samia Azzam
أحمد اللايج,Ahmed Laij
علي غازي,Ali Ghazi
إبراهيم راتب,Ibrahim Rateb
ابراهيم صبح,Ibrahim Sobh
عادل جودة,Just quality
هاني شوقي,Hani Shawky
سمير سعد الدين,Samir Saad Eddin
نادية الكيلاني,Nadia El Kilani
سهير توفيق,Suheir Tawfiq
عبدالحليم النحاس,Abdul Halim Al-Nahhas
علي بن عياد,Ali bin Ayyad
أحمد حماشي,Ahmed Hamachi
محيي الدين عبدالجواد,Mohieddin Abdul Jawad
زينة,Accessories
زيزي مناع,Zizi Manna
سعاد عبدالعزيز,Suad Abdulaziz
اسلام ندا,Islam Nada
مظهر أبو النجا,Appearance of Abu Naga
رويدا علام,Rowa Alam
أنور عبدالعزيز,Anwar Abdul Aziz
فخري عازر,Fakhri Azar
راقية الدماطي,Upscale
أحمد كامل عوض,Ahmed Kamel Awad
جورج البهجوري,George El Bahgoury
ممتاز أباظة,Excellent Abaza
أحمد نصار,Ahmed Nassar
سارة توفيق,Sarah Tawfiq
عادل عثمان,Adel Osman
تغريد عبدالحميد (تغريد علي),Taghreed Abdul Hamid (Taghreed Ali)
محمد درديري,Mohamed Dardairy
أحمد عبدالوارث,Ahmed Abdel-Warth
إيلي ضاهر,Elie Daher
جوزيه فارجن,Jose Fargin
أويا بيري,Oya Perry
جعفر خان,Jafar Khan
احمد,Ahmed
نورهان ,Nourhanne
محمد علي غراب   ,Mohamed Ali Ghorab
علي مرجان ,Ali Morgan
ألمظ كريم,Almaz Karim
عزيزة جعفر   ,Aziza Jaafar
حسن جميل    ,Good and beautiful
حسن الوالي ,Hassan Al Wali
أنيسة عبده,Anisa Abdo
طلال مراد ,Talal Mourad
أحمد سيران    ,Ahmed Serran
هناء البيلى,Hana Baily
محيي الدين شوقي,Mohieddin Shawky
نجوى إبراهيم,Nagwa Ibrahim
علي الشريف,Ali Sharif
محمد الطيب,Mohammed Eltayeb
حمادة حسام الدين,Hossam El Din
دينا عبدالله,Dina Abdullah
رأفت أحمد,Raafat Ahmed
حنان يوسف,Hanan Youssef
عباس نديم,Abbas Nadeem
جونيت آركين,Jonette Arkin
سميرة السمراء,Samira El Samara
هوليا دارجان,HOLYA DARGAN
سمير فوزي,Samir Fawzi
مرسيل هاشم,Marcel Hashem
نجلاء الهاشم,Najla al-Hashem
عدنان بياري,Adnan Biari
مايلخ بونج,Millekh Pong
رباب,Rabab
توفيق هدايت,Tawfiq Hidayat
نيفين نور الدين,Neven Nour El Din
خميس مرزبان,Khamis Marzban
حسين فهمي,Hussein Fahmy
هويدا,Howaida
لينا شوقي,Lina Shawky
هياتم,Hayatem
أحمد أبو سمرة,Ahmed Abu Samra
محمد العسكري,Mohammed al-Askari
فاضل مختار,Fadel Mokhtar
محروس عبدالحميد,Mahrous Abdul Hamid
أحمد فتحي,Ahmad Fathi
إبراهيم مهدي,Ibrahim Mahdi
دلال حسني,Dalal Hosny
إبراهيم فتحي,Ibrahim Fathi
كمال مرسي,Kamal Morsi
كيتونى,Kitony
حسن الحساني,Hassan al-Hassani
زيانى,Xiani
بريجيت هارير,Brigitte Harrier
عدلي يوسف,Adly Youssef
هاجوب,Hagop
نيرة والي,Nira Wali
حامد حيدر,Hamid Haidar
منى سالم,Mona Salem
صبري العبد,Sabri Al Abd
هناء عامر,Hana Amer
خالد مشعل,Khaled Mishal
محمد حمام,Mohamed Hammam
عبدالوهاب خليل,Abdul Wahab Khalil
حسن أنور,Hassan Anwar
عطيات حسين,Attiyat Hussein
نبيل لوقا,Nabil Luke
بدرية عبدالجواد,Badriya Abdul Jawad
زيزي فريد,Zizi Farid
ايلينا ماريا تيخيرو,Elena Maria Teghero
روبين روخو,Robin Rojo
كارولوس مونوز,Carolus Monoz
عبدالسلام العمرانى,Abdul Salam Al Omrani
عفو الله أحمد,God forgive Ahmed
بتول,Batul
محمد عفيفي,Mohamed Afifi
بول بارج,Paul Barge
ليزيت آنوكيان,Lizit Anoukian
عفاف الباز,Afaf Al Baz
بكر رضوان,Bakr Radwan
فاتن فؤاد,Faten Fouad
أبوالسعود طه,Facebook Facebook logo
فاروق حنفي,Farouk Hanafi
عدلي الشرقاوي,Adly al-Sharqawi
سعد الفرج,Saad Al-Faraj
محمد المنصور,Mohamed El Mansour
حياة الفهد,Hayat Al Fahad
نوال باقر,Nawal Baqer
عبدالله خريبط,Abdullah Khreibt
حسين السلمان,Hussein Al-Salman
أحمد الراشد,Ahmed Al Rashed
مكي القلاف,Macky the Clove
علي المفيدي,Ali al-Mufidi
يوسف درويش,Yousef Darwish
أحمد الصالح,Ahmed Saleh
محمد المنيع,Mohammed Al - Manea
فرقة أم زايد,Umm Zayed Band
فرقة الرندي الشعبية,Popular Randy Band
حمد ناصر,Hamad Nasser
عبدالعزيز المسعود,Abdul Aziz Al Masoud
محمد عناني,Mohammed Anani
توحيدة,Tohida
طلعت عطية,Talaat Attieh
منير زخاري,Mounir Zakhari
نادية أرسلان,Nadia Arslan
جوزيف معوض,Joseph Moawad
ليلى جمال,Laila Jamal
محمد نجم,Muhammad Najm
فرفور,Farfur
جلال شبكة,Jalal Network
حسين عزب,Hussein Azab
فؤاد زكى,Fouad Zaki
إبراهيم فاروق,Ibrahim Farouk
جينا الجيار,Gina Aljayar
إبراهيم عامر,Ibrahim Amer
احمد الحليلي,Ahmed Al-Haili
سامية الطوخى,Samia Toukhi
عمر خيرت,Omar Khayrat
أمل إبراهيم,Amal Ibrahim
فاتن,Faten
علي عز الدين,Ali Ezz El Din
رجاء عارف,Please Arif
جوني غارو,Johnny Garrow
اليان شلفون,Allan Schlafon
تيودورا راسي,Theodora Rasi
دين تيرنر,Dean Turner
هلال نويري,Hilal Noiri
عادل خوري,Adel Khoury
روجيه بولس,Roger Paul
منى صلاح,Mona Salah
شفيق محمود,Shafiq Mahmoud
أحمد شاهين,Ahmed Shaheen
محمد الحياني,Mohamed Hayani
هشام ثروت,Hisham Tharwat
عبدالمقصود الرشيدي,Abdulmaksoud Al-Rashidi
هلالي سيد,Hilali Sayed
ناجي عزقلاني,Naji Azqalani
كريمة مجدي,Karima Magdy
فؤاد معوض,Fouad Moawad
سهير صبري,Suheir Sabri
عفاف شعيب,Afaf Shoaib
محمد عادل,Mohamed Adel
غسان مطر,Ghassan Matar
عواطف شكري,Emotional feelings
سلمى امين,Salma Amin
محمد منسى,Mohamed Mansy
سامي امين,Sami Amin
أكرم الأحمر,Akram the Red
سيلفانا بدرخان,Sylvana Badrakhan
كيغام,Kigam
كهرمان,amber
بيجي عريس,Peggy&#39;s friends
طلحت حمدي,Talhat Hamdi
زكريا المصري,Zakaria El Masry
يوسف فخري,Yousef Fakhri
عايدة الشاعر,Aida the poet
عبدالله بيومى,Abdullah Bayoumi
ماجدة صالح,Magda Saleh
عمر خورشيد,Omar Khorshid
سميرة مرقص,Samira Morcos
ليلى عيسى,Laila Issa
فؤاد فهمى,Fouad Fahmy
سيد عبدالكريم,Sayed Abdul Karim
علي السيد,Ali Al Sayed
صلاح مرعي,Salah Mari
سامي واصف,Sami Wassef
سمير نوار,Samir Nawar
فتحي عزت,Fathi Ezzat
مصطفى الزناتي,Mostafa El Zanaty
أشرف السرتي,Ashraf Alsarti
عمر ناجي,Omar Naji
أميرة زيتون,Princess Olive
سيف الدين شوكت,Saif Eddin Shawkat
فالنتينا,Valentina
سلمى المصري,Salma El Masry
إيمان طرقجي,A religious belief
ندى صلاحي  ,Nada Salahy
فاتن حلال,Faten Halal
هيفاء فرنجية,Haifa Franjieh
رياض شحرور,Riad Shahrour
ماهر الصوص,Maher Alsous
سحر حسامي,Sahar Hasami
محمد الشيخ نجيب,Mohammed Sheikh Najib
حياة شاكر     ,The Life of Shaker
محمد طرقجي,Mohamed Tarekji
ألفا,alpha
أسامة خلقي,Osama Khalqi
جميل العبد,Beautiful slave
ناهد حلبي,Nahed Halabi
رنا عجة,Rana Ouja
مها المصري,Maha Al Masri
لينا باتع,Lina Bata
فريال شموس,Ferial Shamus
صالح خلقي,Saleh Khalqi
إعتدال غلا الحليب,Moderation milk milk
عزت شراباتي,Izzat Sharabati
فيكديز,Vicdez
صباح الجزائري,Algerian morning
شكرية خشفة,Shukriya Jafah
نادرة الأسطة,Rare place
غادة المير,Ghada Al Meer
رحاب كيالي,Rehab Kayali
زورا,False
جميل ولاية,Beautiful state
صباح فرنجية,Morning Franjieh
فاديا حسامي,Fadia Hassami
هشام المصري,Hisham El Masry
فاطمة قدورة ,Fatima Kadoura
وفاء خشفة,Wafa Khashfa
سامي توبان,Sami Toban
عامر جميل,Amer Jamil
عمر ولاية ,Age of state
مها الصالح,Maha the Good
ياسين أرناؤوط,Yasin Arnaout
هاني شاهين,Hani Shaheen
شارلوت رشدي,Charlotte Rushdie
أديب شحاده,Adeeb Shehadeh
أحمد مسالخي,Ahmed Masalhi
أزهار,Flowers
نهى أبو سمرة,Noha Abu Samra
عادل عامر,Adel Amer
مروان استانبولي,Marwan Istanbuli
ربيع قباني,Rabie Qabbani
محمود دراجى,Mahmoud Darraji
سلوى محمد,Salwa Mohammed
أحمد زعيبى,Ahmed Zaibi
جميلة عرابى,Beautiful Orabi
أنيسة لطفي,Anisa Lotfi
مختار حشيشة,Mokhtar Hasheisha
الحبيب الشعري,The poet lover
الزهرة فائزة,The flower is a winner
سيف أبو النجا,Saif Abou El Naga
هشام سليم,Hisham Saleem
احمد نجيب,Ahmed Naguib
أسامة أبو الفتوح,Osama Abou El Fotouh
ليلى حمادة,Laila Hamada
هانم محمد,Hanim Mohammed
عفاف وجدي,Afaf and Wagdy
نادية عبدالسلام,Nadia Abdel Salam
زهير شلبي,Zuhair Shalaby
ربيع كنعان وصفي,Rabea Kanaan descriptive
محمد صبحي,Mohamed Sobhi
هالة الصافي,Hala Al Safi
صافى,Clear
بسام لطفي,Bassam Lotfi
ناجي جبر,Naji Jaber
عاطفة خالدي,Emotion of Khalidi
جورج كنعان,George Canaan
أسامة عباس,Osama Abbas
ايجاروف,Rent
علي كمال,Ali Kamal
حمدية حسين,Hamdiya Hussein
رشاد السيد,Rashad El Sayed
بكري العطار,Bakri Al Attar
أنور السردار,Anwar Sardar
شكرية عبدالكريم,Shukria Abdul Karim
رياض سعيد,Riad Said
فاتخ غضنفر,He is jealous
عبدالكريم سماقية,Abdul Karim Samakia
سوزى حمدى,Suzie Hamdi
نزار زوبري,Nizar Zubri
حكمت ارمنازي,Hikmat Armani
فايزة عادل,Fayza Adel
سعدية غريب,Saadia Ghareeb
عبدالله الغول,Abdullah Al Ghoul
بشير انيس,Bashir Anis
وليد حداد,Walid Haddad
محي الدين موصللي,Mohiuddin Moussalli
داليا,Dalia
محمد متولي,Mohamed Metwally
مصطفى متولي,Mustafa Metwally
احلام شعراوي,Dreams of Shaarawi
نادية زغلول,Nadia Zaghloul
عزة شريف,Izzat Sharif
نجوى سلطان,Najwa Sultan
شاكر عبداللطيف,Shaker Abdul Latif
علي الشريف الصغير,Ali Al Shareef Al Sagheer
يسرية محمود,Yousry Mahmoud
منى والى,Mona Wally
عبدالغفار رشاد,Abdul Ghafar Rashad
شهيرة,Famous
فكري صادق,Think Sadek
سامح راشد,Sameh Rashed
عبده أمين,Abdo Amin
الهام كامل,Full inspiration
فاطمة الزهراء,Fatima Alzahraa
رابحة,Winning
صلاح مصطفى,Salah Mustafa
لوسي نيشان,Lucy Nichan
شهيرة عبدالسلام,Shahira Abdel Salam
صلاح أبو سيف,Salah Abu Saif
حسين كمال,Hussein Kamal
عائشة عبدالسلام,Aisha Abdel Salam
جورج حداد,George Haddad
فرقة حسن بنات الرياضية,Hassan Girls Sports Band
حسين عمر,Hussein Omar
لاكشمي ناير,Lakshmi Nair
ناهد جبر,Nahed Jaber
علية أبو شادي,Alia Abu Shadi
نادية صبري,Nadia Sabri
نعمات السيد,Mr. Nemat
فاروق توفيق,Farouk Tawfiq
محمد الزكى,Mohamed El Zaki
ليلى صابونجي,Laila Sabungi
فايق عزب,Fayek Azab
حسن حفناوي,Hassan Hafnawi
انيس الغندور,Anise Ghandour
أنور العسكرى,Anwar al - Askari
عصام رجي,Essam Rajy
أفرام سعد,Afram Saad
ناجي أنجلو,Nagy Angelo
سامح السيد,Mr. Sameh
حمدي حافظ,Hamdi Hafez
خالد زكي,Khaled Zaki
أمان محيي الدين,Aman Mohieddin
ليلى الشافعي,Laila El Shafei
أحمد عبدالهادي,Ahmed Abdul Hadi
نصيف أبو اليمين,Naseef Abu-Yamin
عزيزة راشد,Azizah Rashed
شوقي متى,Shawky Matthew
عبد عواد,Abdul Awad
نديم فرحات,Nadim Farhat
ستيفاني,Stephanie
طوني أيوب,Tony Ayoub
جورجينا رزق,Georgina Rizk
أسعد رشدان,Asad Roshdan
خليل حمود,Khalil Hamoud
أحمد بدير,Ahmed Bedair
نهال أبو اليزيد,Nehal Abu Al Yazeed
سميرة,Samira
روبير صايغ,Robert Sayegh
حسين الإمام,Hussein Imam
صلاح العجوز,Old Salah
سيد أحمد,Mr Ahmed
امين منصور,Amin Mansour
هانى كوتة,Hany Kota
ابراهيم صبرى,Ibrahim Sabry
محمد العربي,Mohammad Al Arabi
حسن الحسني,Hassan Al Hassani
سيد أحمد أقومي,Sayed Ahmed Akoumi
حسين عرعر,Hussein Arar
نورا أباظه,Noura Abaza
سيد اللبان,Master of frankincense
محمد أسامة,Mohammed Osama
شوشو جميل,Shoshu is beautiful
حسن الديب,Hassan Al Deeb
مدحت ثروت,Medhat Tharwat
فايز حلاوة,Fayez Halawa
عبدالرحمن ظريف,Abdulrahman Zarif
سعاد نصر,Soad Nasr
عبدالمنعم عيسى,Abdel Moneim Issa
جليلة محمود,Jalila Mahmoud
علي عبدالمقصود,Ali Abdulmaksood
عزيزة عزت,Aziza Izzat
عادل زكريا,Adel Zakaria
  فاروق إبراهيم,Farouk Ibrahim
سعيد حسن,Said Hassan
عبدالقادر حلمي,Abdulqader Helmi
فؤاد شريف,Fouad Sherif
سفدا فرداغ,Sveda Verdag
ايسين بسكول,Essien Biscoll
إرول بيوكبورج,Errol Bjorkburg
فاهي يوز,Fahi Yooz
خالد عبدالله الصقعبي,Khaled Abdullah Al Saqabi
محمود جاويش,Mahmoud Gawish
حلمي الادهمي,Helmy El Adhamy
غازي هواش,Ghazi Hawash
علي ابو سمرا,Ali Abu Samra
نور الهدى صبري,Nour El Hoda Sabry
فتوح محمد,Fattouh Mohammed
جان بيار ركاميه,Jean Pierre is gross
خالد أبو السعود,Khaled Abu Al-Saud
مختار الأسود,Mokhtar Al Aswad
فاطمة وجدي,Fatima Wagdy
محمد لطفي,Mohamed Lotfy
سامي العدل,Sami Justice
إدريس بن كيران,Idris Ben Kiran
محمد السحار,Mohamed El Sahar
نبيلة النابلسي,Nabila Nabulsi
صلاح يحيى,Salah Yahya
سيد زكي,Sayed Zaki
محمد فريد,Mohamed Farid
بهية حسن,Bahia Hassan
يونس شلبي,Younes Shalaby
أحمد زكي,Ahmed Zaki
هادي الجيار,Hadi Al-Jayyar
خالد السيد,Khaled Al Sayed
سوزان سعد الدين,Susan Saad Eddin
محمود القلعاوي,Mahmoud al - Qal&#39;awi
فريدة يوسف,Farida Yousef
أحمد عدوية,Ahmed Adaweya
سيمون,Simon
ايناس سعودي,Saudi Inas
اوسة الحلو,Sweet
سمير حسني,Samir Hosni
زوزو مصطفى,Zuzu Mustafa
يوسف عثمان,Youssef Osman
محمد صفوت,Mohammed Safwat
نادية أنور,Nadia Anwar
محمود قابيل,Mahmoud Cain
سيد شحات,Sayed Shehata
سامح مرسي,Sameh Morsi
سعيد عبدالغني,Said Abdul Ghani
إيناس أحمد,Inas Ahmed
أحمد سلامة,Ahmed Salama
مدحت جمال,Medhat Jamal
سيد عبدالعزيز,Sayed Abdul Aziz
لطفي الضيف,Lotfi guest
سمير رشدي,Samir Rushdie
مكرم صالح,Makram Saleh
أحمد أيوب,Ahmed Ayoub
أميرة فؤاد,Princess Fouad
عبدالفتاح الزين,Abdul Fattah Al Zain
أنطوانيت نجيب,Antoinette Naguib
سيلفيا خياط,Sylvia Khayat
عمر الكوشة,Omar Al-Kushah
إيمان نصار,Iman Nassar
مصطفى فهمي,Mustafa Fahmy
محمود دويدار,Mahmoud Dawidar
نادية فؤاد,Nadia Fouad
نبيل الدسوقي,Nabil Dessouki
سوزي,Suzy
عبد الحميد أنيس,Abdulhamid Anis
محمد العشري,Mohamed El-Ashry
حلمي أبو هيف,Helmy Abou Heif
شاهيناز,Shahinaz
رجاء أمين,Please
غاده,Ghada
حسن مصطفى علي,Hassan Mostafa Ali
جورج ميخائيل,George Michael
صفية العمري,Safia Al Amri
سمير يزبك,Samir Yazbek
احمد رويشيد,Ahmed Rwaished
على بوبات,On Boubat
بول ميرس,Paul Meyers
الآن فليك,Now Flake
كمال فتحى,Kamal Fathy
سيد علي كويرات,Sayed Ali Quirat
احمد قادر,Ahmed Kader
أحمد قرني,Ahmed Qarni
محمد مختار,Mohamed Mokhtar
شافية بوذراع,Safia Bouzarraa
عصمت عامر,Ismat Amer
هاني حسني,Hani Hosny
أحمد الزين,Ahmed Al Zain
عزة كمال,Azza Kamal
حمدي الشريف,Hamdi El Sherif
هشام العشري,Hisham El Ashry
صافيناز محروس عامر,Safinaz Mahrous Amer
عدنان بركات,Adnan Barakat
ياسين بقوش,Yasin Bagosh
عبدالمولى غميض,Abdolmoly Ghameed
رياض نحاس,Riad Nahas
نبيل رعد,Nabil Raad
ناريمان محمد,Nariman Mohammed
رأفت الشريف,Raafat El Sherif
هيثم جبر,Haytham Jabr
فياض رمضان,Fayyad Ramadan
نزار أيوب,Nizar Ayoub
نبيل بدر,Nabil Badr
هندام محمد,Hindam Mohamed
المنتصر بالله,The victor in God
رؤوف رزق,Rauf Rizk
هند أبو السعود,Hind Abu Al-Saud
فريال فرغلى,Ferial Farghaly
وحيد يسري,Wahid Yousry
شريف لطفي,Sherif Lotfi
مروان حماد,Marwan Hammad
صوفي تكلا,Sophie Takla
هدى عبدالوهاب,Huda Abdel Wahab
خالد أمين حسنين,Khaled Amin Hassanein
عماد عبدالحليم,Emad Abdel Halim
إسعاد يونس,Yousef Younis
سعاد احمد,Soad Ahmed
صباح توفيق,Sabah Tawfiq
وحيد دسوقي,Single Dasouki
عبدالعزيز عيسى,Abdulaziz Issa
بثينة نصار,Buthaina Nassar
مينا سولاري,Mina Solari
يوسف سزكين,Yousef Sezkin
ايدن تيزال,Eden Tizal
جاهد ارجات,Jahid Arjat
نسرين,Nisreen
فريدة سيف النصر,Farida Seif El Nasr
آمال العريس,The groom&#39;s hopes
عبدالكريم عمر,Abdul Karim Omar
زكريا عرداتي,Zakaria Ardati
حماده امين,Hamada Amin
إسماعيل نعنوع,Ismail Naana
عبدالله فريدي,Abdullah Faridi
غادة واصف,Ghada Wassef
منى رعد,Mona Raad
بولا بيروني,Paula Peroni
فريال جفان,Ferial Jaffan
نشأت أباظة,Abaza grew up
فتحى أحمد,Fathy Ahmed
عايدة رياض,Aida Riad
سمير عزيز,Samir Aziz
سامي فهمي,Sami Fahmy
جميل راتب,Jamil Rateb
صافيناز,Safinaz
عطية عويس,Attieh Aweys
نعيم عيسى,Naeem Issa
سمية الألفي,Toxicity of the two thousand
عثمان شكري سليم,Osman Shukri Salim
زينات فهيم,Zeinat Fahim
مجدي مجاهد,Magdy Mujahid
لوسي,Lucy
أسعد فضة,The happiest silver
عبدالله حصوة,Abdullah Haswa
امين خوري,Amin Khoury
توفيق العشا,Tawfiq al-Asha
نايف الغالي,Nayef Al Ghali
مظهر جليلاتي,The appearance of the gilti
غادة وهبة,Ghada Wahba
إبراهيم الكردي,Ibrahim Kurdi
غادة بشور,Ghada Bashour
فؤاد الأتات,Fouad Atat
سمير المصرى,Samir El Masry
داود يعقوب,David Jacob
يعقوب أبو غزالة,Jacob Abu Ghazaleh
عبدالفتاح المزين,Abdel Fattah Almzain
يوسف الأبطح,Yousef Al - Abtah
باربرا ستريسند,Barbara Strisnd
جيمس كان,James was
رودي ماكدويل,Roddy McDowell
يوسف العسال,Yousef Al - Assal
أحمد الخليلي,Ahmed Khalili
إبراهيم شعبان,Ibrahim Shaaban
إبراهيم فايق,Ibrahim Fayek
حلمي محمود,Helmy Mahmoud
عبدالعزيز مخيون,Abdul Aziz Makhion
طارق النهري,Tarek Al Nahri
عزيز حافظ,Aziz Hafez
عاطف طنطاوي,Atef Tantawi
نبيلة قابيل,Nabila Cain
نعمات عبدالناصر,Naamat Abdel Nasser
صلاح رجب,Salah Rajab
الريس بيرة,Rais Beer
فؤاد الزهيري,Fouad Al - Zuhairi
هيام عبداللطيف,Hiyam Abdul Latif
صفاء العبدالله,Safaa Al Abdullah
هيفاء واصف,Haifa Wasef
حياة سعيد ,happy life
محمد الشماط,Mohammed Al - Shamat
منذر الفاضل,Munther al-Fadhel
محمود البدرى,Mahmoud El Badry
نادر نور الدين,Nader Nour El Din
صابرين,Sabreen
عباس فتحى,Abbas Fathi
يوسف حسين,Youssef Hussein
نورا فريد,Nora Farid
صابر يوسف,Saber Yousef
يوسف منصور,Yousef Mansour
مصطفى الطوخي,Mostafa Toukhi
عادل توفيق,Adel Tawfiq
صادق أمين,trustworthy
محمد جابر,Mohammed Jaber
هدى رمزي,Huda Ramzy
سيد العجاتي,Sayed al-Ajati
مصطفى مهدي,Mostafa Mahdi
فردوس عبدالحميد,Ferdous Abdul Hamid
محمد الشال,Mohamed El Shal
سيد علام,Sayed Allam
ناديا حمدي,Nadia Hamdy
حسام تحسين بيك,Hossam Hassan Bey
عبداللطيف قلعي,Abdullatif Qalay
ناصر قدورة,Nasser Kaddoura
عرفان بوكلي حسن,Erfan Buckley is good
محمد شحاته,Mohammed Shehata
مريم يمق,Mary is amazed
عدنان دعبول,Adnan Daaboul
سامية الجزائري,Samia Aljazairy
فيصل سلامة,Faisal Salama
عامر عدنان,Amer Adnan
أحلام حلمي,Dreams of my dream
ميرفت علي,Mervat Ali
سمر,Samar
محمود خليفة,Mahmoud Khalifa
امل محمد رضا,Amal Mohammed Reza
محمد الحموي,Mohammed Al Hamwi
أسامة روحي,Osama is my soul
ولاء فريد,Unique loyalty
سهير عبدالله,Suheir Abdullah
سعاد أبو الفتوح,Suad Abul Fotouh
هند أبي اللمع,Hind Abi Lama
عبدالمجيد مجذوب,Abdul Majid Majzoub
كمال اللحام,Kamal Al-Lahham
علي عبدالعزيز,Ali Abdul Aziz
سميرة خوري,Samira Khoury
أسماء خوري,Asma Khoury
مجد القصص,The glory of stories
إلسي فرنيني,Elsey Fernini
مصطفى الشامي,Mostafa El Shami
نيللي فؤاد,Nelly Fouad
محمد السيسي,Mohammed Al Sisi
ليلى مختار,Leila Mokhtar
فوزية هاشم,Fawzia Hashim
محمود عباس,Mahmoud Abbas
حبيبة محمود,Habiba Mahmoud
محمد جلال,Mohammed Jalal
عادل سرور ,Adel Sorour
سحر حمدي,Sahar Hamdi
نادية منيب,Nadia Munib
نبيلة عزت,Nabila Ezzat
ماجدة الرومي,Majida Al Roumi
أحمد محرز,Ahmed Mehrez
أمين الموجى,Amin Al-Moji
إبراهيم سكر,Ibrahim Sugar
إبراهيم صبحى,Ibrahim Sobhy
أمير صادق,Prince Sadek
ليلى حسين,Laila Hussein
رضا العشماوي,Reza Ashmawi
فؤاد عفيفى,Fouad Afifi
حسن سيف الدين,Hassan Saifuddin
شعبان حسين,Shaaban Hussein
بوعالم بنانى,Buamal Banani
رحاب بوشاتل,Rehab Bushatel
عزيز ديجا,Aziz Deja
فريدة حناتيش,Farida Hanatish
شاو,Shao
ميليا فؤاد,Melia Fouad
أميره إبراهيم,Amr Ibrahim
قمر مرتضى,Moon Mortada
هالة حسني,Hala Hosny
عبدالحي عزب,Abdul Azeeb
ليلى الإسكندرانية,Lily of Alexandria
تامر المصري,Tamer El Masry
هناء صبري,Hana Sabri
راوية أباظة,Rawia Abaza
عبد المنعم النمر,Abdel Moneim El Nemer
مريم الحسيني,Maryam Al Husseini
محسن محيي الدين,Mohsen Mohieddin
سهير عبدالراضي,Suheir Abd al-Razi
وائل سهم,Wael Shareem
مها جمال,Maha Jamal
محمود سهم (عمرو سهم),Mahmoud Shareem (Amr Share)
محمد عبدالواحد,Mohammed Abdul Wahid
اميرة عفيفى,Amira Afifi
أحمد البدري,Ahmed Al-Badri
مسعد شفيق,Mosaad Shafiq
توتي,Totti
خالد علي  بحيري,Khaled Ali Bahiri
ميرفت شهاب,Mervat Shehab
علي أحمد سالم,Ali Ahmed Salem
محمود سعيد,Mahmoud Said
حسن الجندي ,Good soldier
حبيب العجيلي,Habib Al Ajili
عبدالفتاح الوسيع,Abdul Fattah al-Waseeh
الطيب الصديقي,Tayeb Siddiqui
مارتن بنسن,Martin Benson
رونالد لي هنت,Ronald Lee Hunt
ريمون جبارة,Raymond Jabara
محمد الساحلي,Mohamed El Sahely
منير شماعة,Mounir Shamaa
داميان توماس,Damien Thomas
عبدالله العمراني,Abdullah Al - Omrani
عمران المدنيني,Imran Al Madenini
سالم قدارة,Salem Qadara
شعبان القبلاوي,Shaaban al-Kablawi
محمد مفتاح,Mohammed Muftah
عيسى عبدالحفيظ,Issa Abdelhafeez
محمد مجد,Mohamed Majd
المحجوب الراجي,Mahjoub Raji
حسن الصقلي,Hassan al-Saqli
حسين عبدالفتاح,Hussein Abdel Fattah
نادية ذو الفقار,Nadia Zulfikar
فكري أباظة,Think Abaza
عنايات صالح,A&#39;nayat Saleh
هادية ,Hadia
فايزة,Fayza
عفاف راضي,Afaf Radi
باسيل بطاح,Basil Boutah
تامي قلاله,Tami Calala
سامية محمود,Samia Mahmoud
نعمت المصري,Nemat El Masry
بهاء سمعان,Bahaa Simon
محمد الكبي,Mohammed al-Kobe
عباس الحاوي,Abbas Al-Hawi
هدى شعراوي,Hoda Shaarawi
سليم كلاس,Slim Class
بيرج فازليان,Berg Vazlian
اسماء فريد,The names of Farid
عادل كريبة,Adel Keriba
أمير كدواني,Amir Kedwani
سمير كمال,Samir Kamal
عماد عرابي,Emad Orabi
محمد عبده,Mohamed Abdu
يسرا,Yusra
محمد الشويحي,Mohammed Al-Shuwahei
منى أيوب,Mona Ayoub
فاطمة التابعي,Fatima al-Tabi
رأفت عبدالله,Raafat Abdullah
نادية شمس الدين,Nadia Shams El Din
سامية,Semitic
سماح,Grace
الهامي رفيع,My father is tall
فاروق الفيشاوي,Farouk Al - Fishawi
أميمة سليم,Omayma Saleem
سيد مصطفى,Sayed Mustafa
شكري منصور,Shukri Mansour
يحيى كامل,Yahya Kamel
مصطفى تونسي,Mustafa Tounsi
راوية سعيد,Rawia Saeed
شريهان,Shreihan
هابي جميل,Happy
سعيد عبدالله,Saeed Abdullah
منال فاروق,Manal Farouk
شريف صلاح الدين,Sharif Saladin
مديحة إبراهيم,Madiha Ibrahim
ليلى علوي,Leila Alawi
هند جمال,Hind Jamal
رمضان عبدالغني,Ramadan Abdul Ghani
محسن زكريا,Mohsen Zakaria
ليلى ندا,Laila Nada
أسامة منيب,Osama Mounib
لمياء علوي,Lamia Alavi
ناهد سماحة,Nahed Samaha
وليد توفيق,Waleed Tawfiq
نبيلة كرم,Nabila Karam
أحمد رافع,Ahmed Rafie
حسن بغدادي,Hassan Baghdadi
عماد اليافي,Emad Al-Yafi
رجاء يشي,Please feel
ظفيرة قطان,Cumin flower
ناديا رستم,Nadia Rustam
مصطفى علوش,Mostafa Alloush
ناديا باسم,Nadia Bassem
عبدالحميد عزت,Abdul Hamid Ezzat
ممدوح بسيونى,Mamdouh Bassiouni
سحر النشار,Magic of the Shawl
بلقيس,Balqees
صبرى رسلان,Sabri Raslan
محمد نعيم,Muhammad Naeem
إبراهيم زاغو,Ibrahim Zagho
ميشيل جاب الله,Michelle Gaballah
بلقيس شريعة,Bilqis is Sharia
إيناس الدغيدي,Einas Aldaghedi
نهى بركات,Noha Barakat
فاطمة عيد,Fatima Eid
عبير عبدالرحمن,Abeer Abdulrahman
نورا محمود,Noura Mahmoud
أنور بن عيسى,Anwar bin Issa
سامية رحيم,Samia Rahim
كارولين,Caroline
خالد أبو النجا,Khaled Abou El Naga
حسن كامي,Hassan Kami
نجاح الموجي,Waveform success
أحمد راتب,Ahmed Rateb
عبدالمنعم المرصفي,Abdul Moneim Al-Marsafi
يسريه الجواهرجي,The guitarist is playing
حسين عبدالوهاب,Hussein Abdel Wahab
حسين الشريف,Hussein al-Sharif
امال الحجار,Amal al-Hajjar
عصام محمود,Essam Mahmoud
محمود الجندي,Mahmoud El Gendy
دليلة,Dalila
ياسر صلاح,Yasser Salah
سعيد رضوان,Said Radwan
عبدالله إسماعيل,Abdullah Ismail
صلاح عطا,Salah Atta
يحيى الفخراني,Yahya Al Fakharani
هاني عبدالعظيم,Hani Abdel Azim
ليزا ماي,Lisa May
حسن فهمى,Hassan Fahmy
رياض يزبك,Riad Yazbek
نعيمة سميح,Naima Sameeh
عبدالهادي بلخياط,Abdulhadi Belkhayat
عبدو ياغي,Abdo Yaghi
رامونا كرم,Ramona Karam
زيناردي حبيس,Zinardi is locked up
فكتور زايد,Victor Zayed
فؤاد خليفة,Fouad Khalifa
عفاف داغر,Afaf Dagher
محمد أبو الصواب,Mohamed Abou El Sawab
زين زيناردي,Zain Zainardi
وفاء عبدالحليم,Wafa Abdel Halim
عباس النوري,Abbas Nouri
اسامة بغدادي,Osama Baghdadi
أحمد مللي,Ahmed Melli
طوني موسى,Tony Mousa
حمدي ديب,Hamdi Dib
عدنان عجلوني,Adnan Ajlouni
سعيد عبدالسلام,Said Abdel Salam
فؤاد مسعود,Fouad Massoud
بثينة عبدالنبي,Buthaina Abdulnabi
أميرة عبدالرحمن,Amira Abdel Rahman
سلوى صادق,Salwa Sadeq
أحمد ماهر,Ahmed Maher
عزت الأمير,The Prince
ميشيل نجم,Michelle Star
نبيل نور الدين,Nabil Nour El Din
فتحي صقر,Fathi Saqr
ايمان,Faith
أبو السعود عطية,Facebook Facebook logo Keep me logged in
دولت سلامة,Dollette safety
مدحت غالي,Medhat Ghali
نجلاء رمزي,Najla Ramzi
عبداللطيف محمد,Abdul Latif Mohammed
منال السبعاوي,Manal al-Sabawi
إلهام شاهين,Elham Shaheen
سامح الصريطي,Sameh Al-Saraiti
سوسن بدر,Sawsan Badr
كمال المعاز,Kamal El Maaz
حامد ونيس,Hamid and Nice
أدوارد نجيب,Edward Naguib
هاني حسن,Hani Hassan
سيد عبدالباسط,Sayed Abdel Basset
حمدي شرف الدين,Hamdi Sharaf El Din
حاتم ذو الفقار,Hatem Zulfikar
خالد حمزة,Khaled Hamza
شوقي شامخ,Shawky Shamich
أحمد حافظ,Ahmed Hafez
عبدالرحيم أبو خطوة,Abdul Rahim Abu Step
سهير طه حسين,Suheir Taha Hussein
سامي كامل,Sami Kamel
سيد عبيد,Sayed Obeid
عهدي صادق,My covenant with Sadiq
أحمد عقل,Ahmed Akl
وفاء عبدالقادر,Wafa Abdul Qader
محمد التاجي,Mohammed Taji
 كارين بلاك,Karen Black
رأفت راجي,Raafat Raji
كريم عبدالعزيز,Karim Abdulaziz
بن براهيم,Ben Ibrahim
أحمد الطاهر,Ahmed Eltaher
يحيى الشاذلي,Yahya Al - Shazly
سليمان صقر,Download
نادين خوري (نادين حمصي),Nadine Khoury (Nadine Homsi)
جميل إسحاق,Lovely Isaac
غالب حمود,Ghaleb Hammoud
حازم شكرى,Hazem Shokry
جرير منصور,Jarir Mansour
على مجاهد,On Mujahid
طارق هاشم,Tarek Hashem
محمود طوسون,Mahmoud Toson
لطفي منصور,Lotfi Mansour
نبيل فؤاد,Nabil Fouad
عصمت فوزي,Ismat Fawzi
عطيات السيد,Atiat
راتب محجوب,Mahjoub Salary
عبدالفتاح السيد,Abdel Fattah El Sayed
فاديا خطاب,Fadia Khattab
عدنان موسى,Adnan Mousa
سلمان أبو عمار,Salman Abu Ammar
منى عبدالعال,Mona Abdel Aal
ابراهيم شيشول,Ibrahim Shishoul
حسان السالم,Hassan Al Salem
عمر الشيخ بكري,Omar Sheikh Bakri
إميل سعادة,Emile Saada
تيسير السعدي,Tayseer Al-Saadi
ايمان زركلي,Iman Zarkali
نبيل خزام,Nabil Khuzam
يولاند أسمر,Yoland Asmar
ناديا نصري,Nadia Nasri
محمد فرحات,Mohammed Farhat
محمد الأدنداني,Mohammed Al-Adandani
كمال عبدالعزيز,Kamal Abdul Aziz
سعاد شاهين,Soad Shaheen
محمد بليق,Mohamed Blake
صلاح رشوان,Salah Rashwan
نهى,Noha
بولين,Pauline
علي قاعود,Ali Kaoud
كاتي الباشا,Katie the Pasha
صبري عبدالمنعم,Sabri Abdel Moneim
ليليان,Lillian
فيفيان صلاح الدين,Vivian Salah Eddin
يس إسماعيل يس,Yassin Ismail Yassin
عصام كامل,Essam Kamel
سمير حافظ,Samir Hafez
سهيلة فرحات,Suhailah Farhat
معتز يحيى,Moataz Yahya
فؤاد أحمد,Fouad Ahmed
قدرية عبدالقادر,Kadriya Abdelkader
عمر عز الدين,Omar Ezz El Din
محمد نسيم,Mohamed Nasim
ناصر اباظة,Nasser Abaza
انسي عابدين,Ansi Abdeen
مجدي إمام,Magdy Imam
كتكوت الأمير,Chick Prince
أحمد سامي غنيم,Ahmed Sami Ghoneim
تيسير فهمي,Tayseer Fahmy
اخلاص حسني,S homepage!
جاك ميللر,Jack Miller
ايف بينو,Yves Pino
جان ماري,Jean-Marie
كلود سيرنيه,Claude Cernet
نرجس عطية,Nargis Attieh
عبداللطيف بن جدو,Abdullatif Ben Gedo
حطاب الديب,Hattab Aldib
نجوى حسن,Najwa Hassan
شعبان طه,Shaaban Taha
فوزى ابراهيم ,Fawzy Ibrahim
صلاح الصغير,Salah Al Saghir
ابراهيم ابو سعده,Ibrahim Abou Saada
عصمت نعمان,Ismat Noman
صلاح صادق,Salah Sadek
محمود مسعود,Mahmoud Massoud
سلوى خطاب,Salwa Khattab
أرتميس تسارمي,Artemis Tsarmi
كوستا ديمتريوس,Costa Demetrius
نيكوس كارالامبوس,Nikos Karalambos
أفتيوس بولايدس,Avtios Pulides
أندريا موسوليوتيس,Andrea Mussoliotis
ستافروس لوراس,Stavros Loras
جورج جورجيو,George Giorgio
مارغريت ديمتريوس,Margaret Demetrius
عمرو محرم,Amr Muharram
ميرفت الجندي,Mervat El Gendy
إبراهيم حلمي,Ibrahim Helmy
أنجى سليم,Anji Salim
نبوية السيد,Prophet Muhammad
هنري بركات,Henry Barakat
سمير الملا,Samir Al Mulla
سمير حجاج,Samir Hajjaj
حنان,Tenderness
محمد سيد,Mohammad Sayed
عماد عاطف ,Emad Atef
وائل عمران,Wael Omran
أحمد حسينة,Ahmed Hasina
الشريف خاطر,Sharif Khater
رقية أحمد,Rokaya Ahmed
عزت البرشومي,Izzat al-Barshoumi
مصطفى حشيش,Mustafa Hashish
علي الحجار,Ali Al-Hajjar
عبدالرحمن محمد,Abdulrahman Mohammed
سمير رامي,Samir Rami
محمد السكري,Mohammed al-Sukari
شوشو سلامه,Shosho Salamah
فاطمة لطفي,Fatima Lotfi
ابراهيم الكحلاوي,Ibrahim Al-Kahlawi
يسري مصطفى,Yousry Mustafa
محمد أبو الحسن,Mohamed Abou El Hassan
محمد رسلان,Mohammed Raslan
سميرة سعيد,Samira Saeed
تحية حافظ,Greetings kept
شوشو امين,Shosho Amin
آثار الحكيم,Effects of Hakim
جميل الطرابلسي,Beautiful Trabelsi
جون رودنبرج,John Rodenberg
روز ماري ثابت,Rose Marie Thabet
عبدالله محمود,Abdullah Mahmoud
مجدي سيف,Magdy Seif
بهير بدر,Bahir Badr
فارت فهرام,Farhat Fahram
أميرة شريف,Amira Sharif
إيمان الجميل,Iman Gemayel
حمدي الوزير,Hamdi Al Wazir
محمد هنيدي,Mohamed Henedy
عادل برهام,Adel Barham
حسين محمود,Hussein Mahmoud
منيرفا,Monerva
الريس متقال,Al Rayes resigned
أحمد دياب,Ahmed Diab
ميرفت الشناوي,Mervat El Shennawy
أحمد رشدى,Ahmed Roshdy
عماد رشاد,Emad Rashad
عزت بدران,Izzat Badran
سمية محمود,Samia Mahmoud
شفيق الشايب,Shafiq Shayeb
رشوان سعيد,Rashwan Saeed
عبدالله مشرف,Abdullah Musharraf
رجائي توفيق,Rajai Tawfiq
فيصل عزب,Faisal Azab
معتصم محمد,Mu&#39;tasim Mohammed
قاسم شحاته,Qassem Shehata
سيد الحلواني,Mr Halwani
سمير فهمي,Samir Fahmy
